fixed acidity;volatile acidity;citric acid;residual sugar;chlorides;free sulfur dioxide;total sulfur dioxide;density;pH;sulphates;alcohol;quality
8.07;0.496;0.249;3.53;0.081;1;57.4;0.99619;3.28;0.68;10.67;4
10.34;0.609;0.531;1.58;0.078;1;14.6;1.00014;3.32;0.61;9.5;5
9.84;0.484;0.342;2.89;0.124;4.2;65.2;0.99382;2.91;0.55;9.44;6
9.84;0.264;0.014;0.9;0.053;23.1;53.2;0.99651;3.37;0.67;10.91;5
7.23;0.398;0.181;3.24;0.075;40.3;19.5;0.99461;3.43;0.9;10.96;8
9.77;0.381;0.083;1.46;0.01;17.1;23.1;0.99832;3.34;0.64;11.15;7
9.4;0.417;0.163;1.37;0.132;9.9;44.2;0.99812;3.2;0.61;8.45;5
6.44;0.647;0.916;1.93;0.086;20.7;51.1;0.99436;3.11;0.6;10.6;5
10.45;0.522;0.641;2.03;0.162;17.1;29.5;0.99456;3.29;0.9;11.29;5
9.52;0.879;0.159;2.4;0.142;25.9;111.9;0.9978;3.22;0.51;9.3;5
8.49;0.304;0.312;0.9;0.129;15.9;121.6;0.99723;3.52;0.44;10.29;7
8.88;0.599;0.244;2.01;0.089;17.1;6;0.99819;3.44;0.53;10.16;7
7.26;0.585;0;1.98;0.099;24.5;94.1;0.99662;3.14;0.74;10.97;5
9.18;0.416;0.198;2.64;0.105;10.7;29.1;0.99982;3.14;0.77;10.76;6
8.53;0.62;0.497;1.82;0.01;19.0;54.0;0.99554;3.44;0.76;9.36;6
9.22;0.287;0;3.71;0.115;4.8;101.9;0.99671;3.41;0.49;10.78;5
8.32;0.935;0;3.52;0.073;14.8;109.0;0.99668;3.66;0.58;10.8;6
7.47;0.568;0.457;3.82;0.104;24.0;44.1;0.99714;3.14;0.28;11.67;8
5.72;0.429;0.36;3.52;0.148;13.2;6;0.99587;3.5;0.74;8.4;5
8.26;0.598;0.251;3.28;0.145;12.4;25.0;0.99961;3.53;0.66;11.86;6
6.31;0.643;0;2.07;0.108;31.8;48.8;0.9986;3.25;0.53;9.7;5
10.98;-0.099;0.447;3.09;0.087;17.8;71.6;1.00028;3.18;0.78;9.71;5
9.68;0.284;0;0.9;0.084;14.8;57.8;0.99524;3.12;0.31;10.77;5
8.96;0.391;0.22;0.9;0.041;20.1;91.2;0.99651;3.49;0.93;9.26;5
7.08;0.594;0.596;2.59;0.063;9.7;44.2;0.9943;3.29;0.67;12.39;7
9.96;0.199;0.168;1.85;0.074;22.1;66.7;0.99943;3.15;0.89;8.66;5
8.32;0.611;0.344;0.9;0.033;24.0;89.3;1.00032;3.59;0.31;11.24;4
4.99;0.513;0.1;4.84;0.051;28.4;6;0.99635;3.58;0.93;11.78;6
8.87;0.854;0.113;2.84;0.096;8.7;67.8;0.99688;3.16;0.96;11.27;6
8.03;0.117;0.586;0.9;0.062;36.6;104.3;0.99881;3.67;0.65;10.93;5
8.12;0.372;0.091;1.5;0.041;24.9;44.9;0.99968;3.66;0.66;8.76;6
7.66;0.445;0.111;4.43;0.117;11.5;71.5;0.99845;3.11;0.61;11.29;5
7.13;0.614;0.408;3.6;0.153;10.1;83.7;0.99519;3.25;0.86;11.3;5
8.32;0.297;0.137;1.05;0.098;18.5;82.8;0.99946;3.15;0.69;10.81;6
7.27;0.406;0.402;0.9;0.071;9.3;48.8;0.9971;3.32;0.85;10.66;5
7.77;0.446;0.179;2.0;0.035;16.4;94.5;0.99987;3.32;0.67;9.92;5
10.29;0.932;0.209;2.49;0.087;36.2;6;0.99762;3.08;0.22;8.4;7
5.92;0.309;0.073;0.9;0.084;1;25.7;0.99661;3.14;0.65;11.23;6
8.53;0.31;0.164;1.73;0.121;19.9;42.5;0.99835;3.23;0.63;10.61;6
10.98;0.696;0.346;1.13;0.074;18.8;79.6;0.99878;3.2;0.55;8.43;6
8.18;0.54;0.08;4.43;0.157;1;6;0.99824;3.11;0.59;10.56;5
9.52;0.687;0.301;1.92;0.044;21.8;78.3;0.99854;3.46;0.83;10.6;6
10.78;0.571;0.409;3.72;0.131;19.0;53.5;0.99834;3.32;0.49;10.45;5
5.03;0.558;0.289;0.9;0.037;7.0;85.1;0.99724;3.09;0.67;8.4;5
9.31;0.54;0.468;4.03;0.057;13.0;28.9;0.99362;3.41;0.86;10.41;6
7.46;0.611;0.25;3.74;0.094;4.3;6;0.9943;3.46;0.89;11.17;6
10.72;0.712;0.422;1.0;0.185;36.6;52.7;0.99498;3.18;0.73;9.44;6
8.26;0.564;0.189;4.48;0.071;23.7;6;0.99386;3.41;0.79;10.24;6
6.38;0.478;0;3.44;0.076;36.2;53.3;0.99599;3.39;0.57;8.99;5
8.85;0.873;0.336;2.94;0.117;18.7;17.8;0.99886;3.15;0.65;10.57;7
10.7;0.674;0;2.71;0.062;1.8;6;0.99689;3.4;0.72;10.09;6
6.93;0.309;0.309;0.9;0.122;7.9;91.3;0.99651;3.43;0.74;10.9;5
5.45;0.459;0.323;3.44;0.012;17.5;86.2;0.99636;3.3;0.73;10.68;5
9.49;0.749;0.291;1.96;0.213;1;29.7;0.99938;3.53;0.31;10.54;6
6.48;0.564;0.295;2.96;0.137;11.6;61.0;0.99497;3.5;0.77;10.99;6
8.65;0.336;0.843;4.3;0.141;1.3;10.4;0.99705;3.5;0.48;10.77;6
9.8;0.517;0.081;1.21;0.08;1;52.4;0.99796;3.26;0.57;10.61;3
8.93;0.297;0.348;2.28;0.12;11.5;6;0.99392;3.38;0.92;9.55;6
6.17;0.171;0.058;3.34;0.025;1;52.3;0.99605;3.38;0.78;10.41;5
6.06;0.722;0.474;1.49;0.01;3.7;46.4;0.99717;3.33;0.52;10.81;5
12.06;0.777;0.398;0.96;0.263;3.3;34.2;0.99537;3.56;0.73;8.89;7
8.79;0.627;0.499;1.45;0.046;24.0;63.0;0.99529;3.51;0.75;9.67;6
7.32;0.948;0.363;0.9;0.048;18.4;7.7;1.00121;3.16;0.77;11.98;6
8.13;0.428;0.333;1.01;0.147;3.4;7.1;0.99739;3.5;0.82;9.92;6
11.7;0.862;0.161;1.88;0.119;27.0;32.7;0.99643;3.65;0.64;9.9;6
8.53;0.241;0.273;1.41;0.085;30.7;6;0.99679;3.5;0.37;12.03;6
10.84;0.28;0.215;5.0;0.01;28.3;6;0.99653;3.28;0.8;8.4;6
4.98;0.66;0.46;1.53;0.136;4.8;36.7;0.99616;3.4;0.59;9.1;5
8.4;0.474;0.26;0.9;0.104;6.3;15.0;0.99368;3.49;0.63;11.65;6
8.79;0.777;0;0.94;0.108;1;60.6;0.99436;3.43;0.77;11.41;7
6.91;0.762;0.051;0.9;0.143;1;25.5;0.99783;3.26;0.38;10.62;5
7.98;0.252;0;4.88;0.086;11.5;52.5;0.99413;3.08;0.41;10.99;7
11.29;0.618;0.22;3.86;0.122;26.1;6;0.99534;3.34;0.72;11.44;5
6.56;0.612;0.215;1.49;0.096;15.8;51.0;0.99808;3.0;0.61;9.86;5
7.01;0.725;0.142;1.4;0.087;36.1;56.6;0.99848;3.2;0.67;9.16;8
7.33;0.388;0.774;1.92;0.055;1.3;26.3;0.99668;3.26;0.5;9.64;7
7.62;0.841;0.131;1.72;0.044;4.8;23.4;0.99397;3.15;0.38;8.82;6
5.61;0.457;0.461;0.9;0.05;23.3;61.2;0.99668;3.21;0.8;11.4;7
4.54;0.45;0.341;1.59;0.111;5.2;65.4;0.99375;3.27;0.73;10.99;7
8.1;0.711;0.035;6.2;0.072;19.2;16.9;0.99678;3.29;0.48;10.15;6
7.24;0.316;0.468;0.9;0.114;20.7;113.9;0.99732;2.99;0.52;10.49;6
8.94;0.656;0.183;1.89;0.101;24.3;37.2;0.99584;3.31;0.73;10.04;5
6.95;0.266;0.457;2.05;0.086;9.8;33.5;0.99714;3.15;0.67;10.68;5
8.19;0.113;0.432;2.94;0.07;10.7;8.5;0.99847;3.29;0.57;10.83;5
9.43;0.365;0.128;0.9;0.079;14.6;52.1;0.99532;3.45;0.81;12.07;5
9.56;0.604;0.645;2.16;0.11;16.5;45.0;0.99737;3.24;0.75;11.01;5
8.11;0.492;0.604;2.77;0.09;25.1;51.4;0.99725;3.3;0.45;10.39;6
6.34;0.441;0.262;0.9;0.084;33.5;62.0;0.99825;3.17;0.23;11.14;5
6.57;0.551;0.184;1.03;0.102;13.7;85.8;0.99796;3.42;0.71;9.52;5
6.69;0.748;0.262;0.9;0.105;29.1;76.3;0.99836;3.13;0.69;8.72;5
7.12;0.566;0.159;3.85;0.069;18.2;6;0.99795;3.25;0.73;10.77;6
8.02;0.595;0.317;2.36;0.01;2.8;31.3;0.99513;3.26;0.77;11.11;6
8.33;0.165;0.18;0.9;0.052;10.1;26.4;0.99608;3.25;0.56;12.03;5
10.43;0.546;0.023;3.5;0.01;34.9;36.8;0.99464;3.17;1.04;10.82;6
8.2;0.64;0.222;1.38;0.084;16.8;75.6;0.99491;3.24;0.71;10.24;6
8.0;0.568;0.464;1.81;0.125;12.7;6;0.99597;3.28;0.75;10.62;6
7.68;0.4;0.155;1.16;0.052;18.8;47.0;0.99577;3.2;0.72;9.88;6
6.51;0.7;0.324;2.4;0.084;13.6;68.0;0.99765;3.4;0.65;10.54;6
9.09;0.684;0.206;0.95;0.13;1;105.3;0.99835;3.34;0.67;12.29;6
6.67;0.274;0.137;1.93;0.098;25.1;50.3;0.99754;3.11;0.85;8.4;5
9.05;0.416;0.074;1.63;0.055;21.4;30.7;0.99815;3.4;0.83;11.38;7
9.68;0.357;0.519;3.63;0.01;16.4;64.9;0.99754;3.51;0.67;8.86;5
8.61;0.319;0.279;0.9;0.01;23.4;6;0.99564;3.09;0.42;9.99;5
7.61;0.384;0.327;2.47;0.103;6.9;45.2;0.99608;3.33;0.69;10.05;6
9.8;0.331;0.058;2.47;0.01;9.7;75.0;0.99544;3.39;0.43;9.89;5
10.1;0.605;0.304;3.58;0.061;13.1;8.5;0.99737;3.41;0.49;10.86;6
9.23;0.673;0.23;3.95;0.054;27.9;58.1;0.99404;3.37;0.69;10.04;6
7.04;0.31;0;3.43;0.057;10.9;37.4;0.99378;3.64;0.6;9.41;6
9.71;0.468;0.03;4.29;0.114;1.5;72.1;0.99396;3.24;0.47;9.74;5
6.87;0.453;0.361;3.3;0.198;8.4;48.5;0.99719;3.36;0.7;10.01;6
10.16;0.206;0.437;2.84;0.09;10.4;32.5;0.99749;3.44;0.4;10.65;5
7.34;0.298;0.422;2.66;0.138;12.1;99.8;0.99447;3.37;0.55;12.23;6
9.17;0.379;0.788;1.21;0.05;17.9;16.8;0.99827;3.59;0.59;10.6;5
7.42;0.296;0;1.92;0.08;27.4;6;0.996;3.57;0.61;12.72;5
4.43;0.694;0.306;4.06;0.081;17.8;83.2;0.99744;3.35;1.2;10.24;7
8.61;0.666;0.037;2.74;0.062;11.3;106.7;0.99635;3.23;0.61;9.3;3
9.5;0.593;0.392;1.01;0.079;3.2;67.2;0.99771;3.29;0.71;8.75;5
9.81;0.827;0.535;2.33;0.082;8.1;44.1;0.99795;3.44;0.56;9.9;5
7.94;0.462;0.34;2.46;0.032;13.8;88.2;0.99652;3.18;0.78;8.44;5
4.63;0.843;0.304;1.25;0.15;3.4;6;0.99654;3.17;0.86;10.79;6
9.69;0.806;0;3.02;0.029;1.8;99.0;0.99797;3.19;0.7;11.11;5
8.64;0.725;0.177;4.3;0.083;15.5;101.5;0.99735;3.44;0.72;8.4;5
9.5;0.649;0.511;1.05;0.124;9.5;84.5;0.99633;2.96;0.66;8.51;6
7.94;0.742;0.393;3.32;0.034;14.0;58.6;0.99584;3.2;0.51;9.74;6
8.02;0.57;0.391;1.58;0.125;15.8;125.8;0.99612;3.51;0.77;9.16;6
10.69;0.623;0.239;0.9;0.036;19.7;49.1;0.99702;3.17;0.49;11.35;6
6.49;0.131;0.046;4.26;0.035;10.1;8.3;0.99834;3.31;0.74;10.31;5
6.28;0.397;0.214;2.44;0.138;24.4;45.9;0.99861;3.22;0.9;11.88;5
9.84;0.411;0.515;3.66;0.11;8.3;39.5;0.99727;3.0;0.56;11.42;7
6.11;0.32;0.013;1.82;0.086;17.6;63.6;0.99681;3.28;0.5;10.08;6
6.05;0.448;0.41;3.17;0.162;15.8;6;0.99618;3.34;0.6;11.93;5
7.89;0.457;0.112;4.31;0.03;11.6;30.4;0.99868;3.28;0.71;10.23;5
8.92;0.616;0.138;4.53;0.024;36.4;96.7;0.99445;3.31;0.9;9.89;5
8.04;0.319;0.223;4.18;0.185;24.6;86.2;0.99622;3.1;0.78;9.27;6
8.84;0.537;0.113;1.1;0.04;1.4;6;0.99806;3.09;0.66;9.76;6
12.54;0.619;0;2.38;0.104;26.3;59.5;0.99542;3.32;0.54;9.84;6
7.98;0.171;0.369;2.42;0.046;25.6;31.0;0.99863;3.3;0.79;11.15;5
9.14;0.425;0.175;3.09;0.066;9.4;84.7;0.99546;3.55;0.45;10.43;6
8.18;0.563;0.482;1.98;0.119;14.4;40.1;0.99719;2.99;0.67;9.74;6
6.7;0.637;0.105;4.22;0.036;16.7;15.2;0.9947;3.43;0.73;11.7;5
5.36;0.519;0.164;6.7;0.077;11.1;79.0;0.9964;3.35;0.51;12.08;5
7.23;0.315;0.257;3.27;0.094;10.0;78.8;0.9942;3.37;0.51;10.33;6
11.1;0.996;0.259;1.35;0.041;32.7;6;0.9961;3.22;0.96;9.34;7
10.24;0.249;0.1;2.21;0.016;27.6;52.7;0.99995;3.25;0.69;9.03;6
7.4;0.472;0.088;1.12;0.101;10.9;43.0;0.99626;3.38;0.63;11.34;5
8.5;0.459;0.088;3.04;0.01;27.8;8.0;0.99766;3.34;0.7;11.33;6
6.83;0.502;0.464;5.29;0.063;24.1;53.7;0.99369;3.16;0.45;9.88;5
7.59;0.407;0.222;3.71;0.08;14.1;68.2;0.99624;3.18;0.43;12.45;6
8.19;0.618;0.187;1.31;0.173;13.5;103.5;0.99573;3.28;0.79;10.2;5
6.76;0.519;0.487;3.06;0.143;30.6;25.7;0.99841;3.47;0.55;10.01;6
5.89;0.477;0.456;3.01;0.083;11.2;46.9;0.99651;2.97;0.54;8.4;7
10.57;0.408;0.288;3.75;0.078;2.0;6;0.9988;3.42;0.39;10.04;7
9.24;0.469;0.357;1.95;0.228;1;15.8;0.99804;3.67;0.49;12.38;4
6.72;0.449;0.233;3.69;0.083;28.9;43.7;0.99222;3.32;0.77;9.45;5
9.11;0.597;0.128;2.82;0.117;31.6;57.3;0.99432;3.31;0.55;11.83;6
5.4;0.451;0.262;2.1;0.061;21.7;69.0;0.99672;3.43;0.68;12.2;7
7.43;0.8;0.546;2.69;0.081;12.4;67.2;0.9978;3.16;0.77;11.74;5
6.66;0.824;0.555;2.0;0.149;16.9;63.8;0.9985;3.52;0.52;9.74;6
6.2;0.568;0.201;1.69;0.088;33.4;56.0;0.99614;3.08;0.75;11.64;5
9.38;0.323;0.203;1.82;0.075;9.9;81.6;0.99766;3.38;0.59;10.19;6
9.01;0.342;0.061;2.41;0.136;20.0;64.9;0.99385;3.08;0.85;10.38;5
6.03;0.49;0.327;5.83;0.083;38.0;78.7;0.99861;3.34;0.69;8.61;7
7.21;0.378;0.456;2.48;0.157;1;11.1;0.99873;3.21;0.48;9.86;5
7.0;0.312;0.216;2.4;0.054;18.1;46.6;0.99585;3.53;0.46;10.06;6
8.35;0.693;0.198;5.82;0.083;10.8;59.0;0.99486;3.34;0.31;11.14;5
8.44;0.765;0.324;2.41;0.073;15.2;13.2;0.99683;3.42;0.7;10.14;6
7.54;0.848;0.251;1.31;0.03;6.8;34.5;0.99815;3.45;0.85;10.58;5
9.77;0.878;0.146;4.22;0.052;4.9;63.5;1.00116;3.25;0.52;8.77;5
7.46;0.578;0.043;4.2;0.01;19.2;30.3;0.99953;3.43;0.3;8.4;6
6.58;0.616;0.376;3.13;0.152;33.8;16.5;0.99925;3.45;0.71;11.21;6
5.5;0.306;0.392;4.75;0.077;2.7;6;0.9972;3.12;1.03;12.93;7
8.71;1.052;0.773;1.5;0.092;10.3;32.9;0.99877;3.21;0.68;9.39;6
7.46;0.635;0.048;2.41;0.195;33.0;6;0.99739;3.44;0.57;9.24;5
9.47;0.612;0.387;4.24;0.062;10.6;55.8;0.99581;3.44;0.76;9.33;6
7.79;0.4;0.485;0.9;0.053;6.4;75.3;0.99965;3.43;0.9;8.4;6
8.6;0.488;0.219;5.21;0.106;30.5;30.0;0.99688;3.15;0.73;9.77;6
10.38;0.539;0.086;3.94;0.054;3.3;8.6;0.99693;3.5;0.67;11.73;5
8.48;0.56;0.265;3.36;0.022;23.8;6;0.99737;3.35;0.72;10.98;6
8.87;0.397;0.124;3.36;0.037;23.4;70.0;0.99662;3.19;0.36;9.22;6
5.49;0.673;0.373;2.09;0.082;22.3;47.7;0.99467;3.31;0.71;9.07;6
10.08;0.651;0.396;2.8;0.153;1;36.4;0.99679;3.62;0.83;11.53;4
7.0;0.668;0.199;4.36;0.072;16.1;6;0.99609;3.35;0.72;11.1;6
5.48;0.773;0.113;4.6;0.177;39.9;40.2;0.99449;3.36;0.65;8.53;5
9.6;0.58;0;0.9;0.136;24.1;51.3;0.9989;3.3;0.41;12.42;5
7.23;0.288;0.496;3.54;0.109;1;63.0;0.99724;3.26;0.42;10.36;5
6.8;0.681;0.275;1.83;0.116;20.4;62.1;0.99441;3.37;0.63;10.55;5
10.28;0.661;0.186;3.78;0.075;25.9;107.5;0.99877;3.66;0.39;9.83;5
7.86;0.625;0.393;2.03;0.088;5.8;60.2;0.99594;3.32;0.66;11.23;6
7.37;0.461;0.397;3.29;0.127;12.9;6;0.99435;3.24;0.79;11.27;7
5.16;0.631;0.396;3.43;0.077;5.3;124.7;0.99825;3.29;0.59;9.25;6
8.4;0.702;0.347;1.25;0.133;24.7;11.9;0.99539;3.23;0.46;11.56;6
7.76;0.389;0.329;1.62;0.01;18.9;14.1;0.99401;3.31;0.67;11.99;6
8.49;0.459;0.487;2.45;0.042;23.1;90.8;0.9953;3.05;0.58;8.98;6
11.18;0.478;0.209;2.79;0.019;6.6;84.0;1.00194;3.43;0.58;9.45;6
10.12;0.486;0.417;2.61;0.03;15.0;8.8;0.9955;3.17;0.71;10.62;6
6.02;0.504;0.305;3.7;0.117;20.9;42.6;0.99768;3.28;0.59;11.51;5
6.35;0.549;0;3.37;0.07;23.9;52.5;0.99583;3.44;0.46;10.14;7
7.38;0.531;0.388;3.51;0.138;23.2;40.3;0.9957;3.37;0.54;9.54;4
7.45;0.449;0.112;1.77;0.078;9.1;47.3;0.99324;3.38;0.69;10.9;5
7.51;0.392;0.309;3.66;0.043;6.8;12.5;0.99477;3.18;0.47;12.11;6
9.38;0.268;0.193;4.4;0.109;18.7;67.2;0.99779;3.41;0.9;9.31;5
8.2;0.441;0.351;1.11;0.033;1;6;0.99463;3.25;0.75;11.14;5
9.87;0.583;0.373;2.59;0.135;1;8.0;0.99662;3.25;0.5;11.08;5
6.62;0.826;0.332;2.24;0.123;9.7;41.8;0.99368;3.38;0.68;9.08;5
10.58;0.731;0.351;1.33;0.093;13.1;38.5;0.99436;3.38;0.65;11.28;5
5.78;0.724;0.269;1.03;0.157;1;85.8;0.99692;3.2;0.74;9.1;5
7.72;0.28;0.322;3.21;0.096;22.7;75.0;0.99734;3.27;0.87;9.67;5
10.75;0.488;0.643;4.66;0.081;38.0;94.0;0.99765;2.97;1.0;10.32;5
9.2;0.425;0.184;0.9;0.092;1;6;0.99687;3.29;0.83;8.97;7
9.05;0.708;0.396;1.96;0.196;1;105.5;0.99664;3.32;0.7;8.7;6
5.84;0.596;0.227;2.94;0.055;14.3;26.0;0.99726;3.28;0.97;9.68;6
10.27;0.362;0.286;2.36;0.074;30.7;80.2;0.99575;3.33;0.77;9.52;3
9.45;0.495;0.232;1.85;0.071;10.9;70.5;0.99608;3.24;0.55;8.82;5
11.03;0.405;0.368;2.22;0.054;6.7;6;0.99886;3.31;0.74;10.99;6
11.0;0.543;0.502;0.9;0.065;18.5;75.7;0.9975;3.3;0.58;9.56;5
11.63;0.571;0;5.51;0.197;23.9;78.1;0.99945;3.32;0.4;11.05;6
9.36;0.678;0.124;0.9;0.105;18.4;47.1;0.99416;3.01;0.95;10.19;5
9.2;0.724;0.392;0.98;0.049;18.8;6;0.99831;3.13;0.59;11.64;6
8.3;0.376;0.652;3.55;0.14;12.4;75.9;0.99815;3.15;0.54;13.54;7
7.6;0.768;0.548;1.32;0.068;8.6;6;0.99983;3.24;0.72;10.46;5
8.92;0.543;0.325;0.91;0.049;7.0;6;0.9982;3.48;0.76;9.78;5
7.39;0.406;0.261;3.16;0.033;4.4;76.1;0.99815;3.11;0.9;11.09;6
8.66;0.476;0.444;3.32;0.025;20.0;26.8;0.99961;3.31;0.57;9.99;5
5.71;0.737;0.203;3.0;0.014;18.6;61.3;0.99699;3.19;0.88;9.22;4
8.81;0.393;0.546;3.41;0.07;13.9;16.6;0.9972;3.11;0.66;9.87;5
9.31;0.269;0.134;2.77;0.143;35.9;64.4;0.99677;3.48;0.59;10.83;7
9.7;0.349;0.538;1.35;0.051;20.3;6;0.99822;3.3;0.73;9.54;7
9.79;0.667;0.58;6.02;0.073;26.5;61.9;0.99596;3.6;0.56;11.62;4
9.0;0.748;0.182;4.4;0.026;19.0;6;0.99684;3.42;1.0;10.47;4
7.02;0.416;0.344;1.0;0.161;34.3;6;0.99948;3.31;0.82;9.02;5
7.06;0.502;0.203;2.56;0.161;15.6;108.3;0.99906;3.46;0.53;10.11;7
6.72;0.596;0.313;4.28;0.152;27.9;65.8;0.9922;3.47;0.67;11.25;5
9.17;0.262;0.255;1.31;0.084;20.0;63.2;0.99986;3.23;0.61;11.03;5
9.99;0.073;0.16;2.86;0.126;15.4;63.0;0.99829;3.51;0.78;8.95;5
9.12;0.389;0.391;3.12;0.052;25.8;35.2;0.99538;3.35;0.66;9.45;6
9.4;0.527;0.482;2.8;0.063;35.5;51.1;0.9977;3.3;0.73;9.5;6
6.91;0.339;0.251;5.12;0.104;16.4;75.6;0.99552;3.54;0.93;10.88;5
6.95;0.421;0.298;0.9;0.048;13.8;51.4;0.99622;3.22;0.68;11.09;5
8.66;0.495;0.165;1.82;0.073;26.2;35.4;0.99649;3.29;0.75;11.11;6
11.76;0.306;0.02;3.72;0.01;17.8;16.1;0.9946;3.26;0.83;9.76;5
8.97;0.67;0.348;5.48;0.09;12.3;86.8;0.99658;3.37;-0.01;10.9;6
8.19;0.493;0.618;2.96;0.079;23.2;45.9;0.99863;3.08;0.46;12.04;6
9.36;0.743;0.372;0.9;0.097;14.6;22.1;0.99231;3.13;0.57;11.62;7
13.11;0.372;0.278;1.93;0.088;16.7;69.5;0.99663;3.31;0.76;10.07;5
7.52;0.132;0.364;1.51;0.149;17.8;95.7;0.99507;3.48;0.38;11.42;7
7.91;0.461;0.323;2.3;0.111;29.9;113.5;0.99796;2.93;0.6;9.89;7
6.93;0.139;0.301;1.56;0.062;12.4;28.9;0.99942;3.48;0.86;12.89;5
6.98;0.993;0.252;4.42;0.1;40.0;6;0.99715;3.51;0.74;10.19;6
8.69;1.037;0.465;5.09;0.15;24.6;6;0.99366;3.2;0.7;10.42;5
8.97;0.534;0.276;0.9;0.137;37.2;33.3;0.99485;3.32;0.58;10.28;6
9.98;0.33;0.226;1.76;0.168;24.9;38.4;0.9983;3.37;0.64;10.92;6
9.8;0.159;0.152;4.12;0.122;6.8;21.7;1.00115;3.38;0.84;12.35;5
9.27;0.6;0.378;4.57;0.074;1;43.9;0.99824;3.31;0.71;8.58;5
6.87;0.405;0.424;1.97;0.154;10.2;33.5;0.99785;3.33;0.64;10.85;6
7.69;0.696;0;2.68;0.137;23.0;73.7;1.00033;3.2;0.79;10.32;5
10.26;0.52;0.337;2.57;0.017;24.1;62.0;0.99182;3.2;0.48;9.69;6
9.08;0.357;0;1.91;0.01;19.3;33.3;0.99681;3.51;0.5;8.4;6
8.27;0.417;0.033;4.27;0.141;29.9;130.4;1.0001;3.26;0.78;11.22;7
2.83;0.771;0.019;0.9;0.082;38.8;57.0;0.99634;3.19;0.77;10.02;5
9.56;0.749;0.032;1.31;0.047;6.4;62.9;0.99821;3.47;0.68;8.4;7
7.58;0.495;0.217;4.24;0.06;24.8;18.3;0.99817;3.28;0.63;10.33;6
9.28;0.509;0.22;3.51;0.06;17.2;100.8;1.00026;3.15;0.97;10.67;5
7.94;0.733;0.241;1.94;0.104;11.7;81.6;0.99637;3.37;0.54;9.08;5
9.57;0.608;0.614;2.4;0.01;28.9;6;0.99559;3.3;0.58;11.6;5
10.45;0.229;0.392;2.71;0.132;1;46.6;0.9988;3.52;0.53;10.12;6
11.52;0.466;0.197;3.88;0.096;10.4;35.0;0.99843;3.16;0.6;10.94;7
8.3;0.252;0.229;3.9;0.119;27.5;109.8;0.99588;3.17;0.45;10.29;4
10.09;0.585;0;5.64;0.093;7.3;10.8;0.99815;3.32;0.71;9.56;7
7.18;0.379;0.144;3.45;0.086;27.6;19.4;0.99352;3.25;0.71;8.85;6
8.13;0.344;0.465;1.62;0.062;18.8;54.0;0.99941;3.29;0.74;9.78;6
9.46;0.432;0.46;4.48;0.156;4.7;60.9;0.99427;3.19;0.44;10.14;8
5.82;0.516;0.468;2.25;0.095;12.3;6;0.99783;3.54;0.69;11.72;6
10.48;0.378;0;2.41;0.139;1;52.7;0.99748;3.39;0.75;11.07;5
5.56;0.457;0.115;3.66;0.11;15.5;18.3;0.9971;3.18;0.65;11.31;6
4.89;0.593;0;0.9;0.176;25.4;6;0.99669;3.21;0.75;12.4;5
9.46;0.584;0.455;0.9;0.044;7.1;54.0;0.99599;3.05;0.42;10.54;5
8.21;0.514;0.223;4.9;0.126;31.4;6;0.99691;3.49;0.78;9.69;7
7.0;0.49;0.305;2.97;0.13;25.1;49.0;0.99732;3.22;0.55;9.07;5
7.76;0.372;0.399;3.54;0.063;12.5;58.9;0.99527;3.25;0.92;9.62;7
7.42;0.692;0.265;3.62;0.061;25.5;120.6;0.99838;3.23;0.7;12.13;5
8.09;0.288;0.358;3.72;0.079;13.5;64.5;0.99568;3.26;0.65;12.0;6
8.23;0.8;0.306;1.35;0.11;4.5;35.5;0.99837;3.5;0.56;9.76;6
7.6;0.405;0.189;2.07;0.098;11.6;43.3;0.99577;3.37;0.71;10.65;5
9.42;0.407;0.252;2.2;0.049;27.7;55.9;0.99786;3.66;0.65;10.49;6
11.07;0.338;0.217;1.84;0.134;22.6;44.0;0.99583;3.31;0.78;11.31;5
8.22;0.617;0.339;3.67;0.097;18.8;19.5;0.99664;3.24;0.66;10.09;6
7.77;0.433;0.142;3.72;0.017;1;96.9;0.99862;3.37;0.81;11.25;5
7.99;0.718;0;1.05;0.019;28.1;79.6;1.00094;3.44;0.75;11.35;6
9.17;0.27;0.348;3.79;0.08;17.8;21.3;0.99337;3.39;0.64;10.88;5
7.91;0.661;0.312;1.68;0.154;8.1;6;0.99453;3.22;0.91;10.2;5
5.65;0.487;0.501;3.71;0.087;25.5;32.0;0.99502;3.41;0.47;10.78;6
8.28;0.72;0.578;4.24;0.011;26.7;63.8;0.99699;3.72;0.77;10.66;6
7.27;0.602;0;3.18;0.01;22.5;30.8;0.99701;3.09;0.66;11.3;6
9.4;0.606;0.27;0.99;0.047;11.7;83.4;0.99746;3.53;0.81;10.11;5
8.64;0.722;0.024;1.82;0.019;18.4;43.0;0.99579;3.32;0.54;9.33;7
11.07;0.47;0.493;2.41;0.073;18.8;62.0;0.99607;3.07;0.84;11.34;5
9.89;0.451;0;3.2;0.082;11.0;6;0.99892;3.42;0.46;10.58;6
6.43;0.62;0.242;0.9;0.087;39.2;69.6;0.99786;3.16;0.28;10.29;5
5.84;0.389;0.4;3.55;0.01;3.1;14.1;0.99665;3.65;0.61;10.49;7
6.93;0.721;0.232;3.51;0.123;10.5;6;0.99581;3.54;0.83;9.12;7
7.54;0.438;0.158;1.72;0.047;28.8;93.8;0.99638;3.49;0.61;10.1;5
6.88;0.404;0.444;0.9;0.057;1;73.5;0.99755;3.2;0.84;8.83;6
9.28;0.543;0.209;1.71;0.087;9.7;40.8;0.99811;3.44;0.44;9.92;4
11.12;0.56;0.189;4.1;0.03;27.3;6;0.9954;3.27;0.72;8.55;5
6.29;0.174;0;4.83;0.127;14.5;41.4;0.9966;3.31;0.89;10.84;6
4.87;0.766;0.113;1.12;0.024;2.3;33.6;0.9975;2.92;0.63;11.06;6
8.73;0.63;0.086;2.42;0.033;21.7;76.3;0.99854;3.31;0.81;10.26;5
7.34;0.501;0.325;4.32;0.06;9.5;14.0;0.99509;3.25;0.69;9.51;5
8.58;0.589;0.073;2.49;0.067;14.8;50.6;0.99799;3.24;0.8;10.77;6
11.17;0.862;0.263;2.73;0.086;10.3;15.3;0.99886;3.19;0.35;8.56;6
6.65;0.888;0.447;2.07;0.05;13.7;98.4;0.99483;3.11;0.87;10.12;7
8.49;0.603;0.483;3.35;0.078;28.4;35.4;0.9974;3.31;0.52;8.8;7
7.6;0.566;0;2.02;0.167;13.2;6;0.99311;3.31;0.56;9.49;5
8.72;0.829;0.383;0.9;0.065;17.0;71.7;0.99466;3.45;0.63;10.5;6
5.89;0.471;0.035;0.94;0.024;7.5;114.2;0.99862;3.52;0.84;10.28;6
9.02;0.36;0.343;1.69;0.042;10.3;42.8;0.99407;3.48;0.24;9.65;5
6.62;0.169;0.356;0.9;0.01;34.2;6.9;0.9959;3.32;0.67;9.33;7
7.09;0.426;0.567;3.6;0.062;3.0;71.2;0.99558;3.3;0.72;12.42;5
9.62;0.82;0.492;0.9;0.225;2.0;6.1;0.99728;3.3;0.72;11.82;6
9.94;0.481;0.357;2.18;0.069;1;6;0.99584;3.46;0.55;9.81;6
6.8;0.458;0.189;3.9;0.122;16.1;56.1;0.99977;3.04;0.79;11.58;7
10.43;0.362;0.311;1.93;0.143;22.3;86.6;0.99875;3.05;0.79;11.45;5
8.84;0.48;0.303;2.66;0.075;15.8;17.3;0.99575;3.03;0.46;9.15;8
7.63;0.221;0.327;1.87;0.112;18.2;6;0.99616;3.48;0.49;10.35;6
6.56;0.229;0.361;0.9;0.115;26.7;27.0;0.9971;3.52;0.58;12.13;6
7.75;0.447;0.374;2.03;0.088;13.8;53.6;0.99781;3.63;0.53;11.34;5
13.0;0.672;0.137;4.51;0.01;13.2;59.5;0.99542;3.22;0.63;9.84;6
6.96;0.638;0.073;0.9;0.159;6.2;43.3;0.99818;3.18;0.43;10.58;6
8.99;0.61;0.511;3.48;0.094;22.4;12.6;0.999;3.39;0.74;11.06;6
5.75;0.404;0.287;3.95;0.162;18.9;47.8;0.99569;3.27;0.62;10.2;6
9.58;0.575;0.474;5.76;0.038;8.0;98.6;0.99705;3.24;0.54;11.42;8
9.3;0.601;0.184;3.46;0.031;21.2;6;0.99786;3.52;0.63;12.13;5
6.09;0.596;0.294;3.92;0.112;20.3;71.2;0.99496;3.23;0.7;11.42;6
9.45;0.833;0.351;1.84;0.087;10.4;48.4;0.99386;3.14;0.89;9.31;6
6.66;0.503;0.495;3.01;0.098;34.5;54.4;0.9949;3.1;0.51;10.54;5
5.64;0.664;0.431;2.85;0.179;11.4;112.3;0.99567;3.36;0.58;8.59;6
8.47;0.542;0.106;0.9;0.069;25.0;73.4;0.99898;3.3;0.99;9.51;5
9.09;0.4;0;0.9;0.13;5.9;49.9;0.99533;3.27;0.6;11.34;6
8.01;0.175;0.1;0.9;0.018;21.2;58.5;0.99782;3.2;0.75;8.85;6
7.48;0.774;0.686;3.16;0.088;30.5;105.9;0.99606;3.33;0.67;10.85;4
4.57;0.872;0.096;1.42;0.072;2.2;103.9;0.99552;3.2;0.52;10.89;6
10.75;0.516;0.318;1.16;0.054;16.6;66.4;0.99807;3.34;0.76;10.42;8
8.62;0.362;0.07;3.69;0.011;14.0;59.5;0.99705;3.25;0.97;11.27;7
7.5;0.486;0.526;3.65;0.189;8.6;34.9;0.99595;3.35;0.79;10.81;7
9.74;0.101;0.518;0.9;0.023;8.6;87.9;0.99618;3.34;0.37;11.57;5
7.86;0.491;0.247;2.93;0.099;1;6;0.99609;3.21;0.49;12.86;6
11.6;0.548;0.271;3.16;0.047;1;114.1;0.99872;3.17;0.68;11.09;7
7.47;0.366;0;1.6;0.087;13.9;6;0.99704;3.41;0.66;11.91;5
11.39;0.778;0.144;0.9;0.027;4.2;37.1;0.99656;3.1;0.68;8.4;7
8.56;0.669;0.108;5.66;0.077;14.5;69.4;0.99614;3.29;0.72;9.26;6
6.58;0.524;0.224;1.73;0.159;13.5;6;0.99742;3.42;0.67;9.59;6
7.57;0.513;0.509;2.67;0.14;8.3;26.0;0.99539;3.31;0.61;9.44;6
8.12;0.638;0.439;3.9;0.09;20.6;43.5;0.99808;3.17;0.73;12.07;5
11.81;0.565;0.159;0.9;0.087;23.2;14.3;0.99609;3.04;0.59;11.73;6
6.18;0.691;0.594;3.49;0.021;18.0;18.2;0.99723;3.18;0.83;11.17;4
7.76;0.789;0.534;3.45;0.08;2.4;24.6;0.99821;3.55;0.5;11.68;6
8.01;0.15;0.155;3.33;0.069;11.6;76.0;0.9997;3.2;0.86;8.55;5
6.85;0.595;0.386;2.06;0.123;14.2;93.5;0.99643;3.48;0.76;9.65;6
10.08;0.487;0.287;2.82;0.077;1;94.0;0.99562;3.39;0.71;10.73;7
8.7;0.487;0.257;0.9;0.135;22.9;59.3;0.99825;3.5;0.77;9.81;5
7.8;0.774;0.516;4.52;0.155;18.6;65.1;0.9954;2.9;0.73;9.59;5
7.97;0.8;0.214;3.38;0.144;5.8;12.2;0.99457;3.24;0.56;9.71;5
5.27;0.447;0.101;3.02;0.085;24.8;106.9;0.9967;3.39;0.53;10.28;7
8.36;0.721;0.199;4.03;0.09;13.8;69.5;0.99854;3.32;0.47;11.14;5
9.79;0.779;0.127;3.42;0.083;26.8;50.1;0.99992;3.55;0.49;10.07;6
7.01;0.594;0.087;3.08;0.063;12.2;91.9;0.99558;3.23;0.58;9.94;4
10.37;0.595;0.305;3.14;0.078;32.3;43.0;0.99533;3.41;0.82;9.92;6
9.58;0.728;0.267;2.86;0.046;30.1;6;0.99978;3.4;0.83;10.94;5
10.07;0.249;0.316;1.91;0.091;8.0;51.2;0.99466;3.31;0.61;8.64;6
9.05;0.729;0.246;2.03;0.05;9.3;88.0;1.00102;3.4;0.53;10.31;6
9.47;0.884;0.357;1.79;0.137;25.5;37.5;0.99773;3.3;0.74;10.45;5
8.09;0.57;0.059;1.42;0.061;21.1;56.7;0.99891;3.43;1.18;8.89;6
10.65;0.622;0.169;0.9;0.111;21.3;104.1;0.99632;3.32;0.35;9.77;6
8.75;0.466;0.35;3.85;0.055;7.8;57.0;0.9963;3.22;0.72;11.33;6
7.8;0.862;0.478;1.62;0.112;18.4;39.2;0.99812;3.31;0.66;9.74;5
7.02;0.879;0.314;2.71;0.053;13.1;6;0.99487;3.27;0.46;10.23;6
7.16;0.423;0.212;2.01;0.07;15.3;55.3;0.99584;3.38;0.58;9.93;6
8.39;0.663;0.032;0.9;0.075;15.5;77.9;0.99613;3.27;0.76;10.11;6
8.87;0.48;0.291;2.07;0.01;7.1;19.2;0.99762;3.24;0.35;10.39;5
8.82;0.383;0.701;3.16;0.082;13.9;6.4;0.99756;3.48;0.66;11.92;5
8.31;0.341;0.484;3.78;0.054;24.9;11.9;0.99331;3.36;0.75;9.63;5
9.24;0.722;0.268;1.8;0.12;25.1;44.9;0.99446;3.5;0.41;11.15;6
7.21;0.479;0.313;0.9;0.084;42.6;15.2;0.99732;3.24;0.18;9.35;8
7.13;0.478;0.422;3.03;0.178;35.1;54.8;0.99614;3.2;0.45;9.97;7
8.59;0.568;0.206;3.15;0.045;26.1;52.9;1.00015;3.44;0.75;11.94;6
6.92;0.557;0.157;3.53;0.023;1;13.4;0.99537;3.24;0.63;9.03;5
11.12;0.633;0.068;4.66;0.01;26.4;62.6;0.99571;3.19;0.47;12.27;5
8.54;0.509;0.322;1.76;0.08;8.5;46.1;0.99963;3.39;0.51;11.14;6
7.09;0.523;0.223;3.91;0.1;19.1;37.0;0.99644;3.26;0.7;8.58;5
8.29;0.68;0.452;0.9;0.092;20.7;89.4;0.99657;3.19;0.92;11.23;5
8.99;0.491;0.176;1.24;0.063;23.4;40.4;0.99647;3.16;1.13;8.4;5
4.79;0.56;0.316;2.93;0.058;3.5;85.9;0.99726;3.25;1.05;11.3;7
10.51;0.282;0.561;2.73;0.126;23.2;68.8;0.99689;3.21;0.63;9.6;6
8.12;0.514;0.166;2.45;0.078;2.5;22.3;0.99782;3.34;0.59;12.27;6
10.72;0.613;0.458;2.61;0.075;36.1;11.3;0.99349;3.62;0.7;9.96;5
7.3;0.609;0.257;1.41;0.173;9.3;42.3;0.9946;3.31;0.69;10.32;5
6.78;0.497;0.183;3.05;0.062;23.9;29.4;0.99571;3.49;0.63;10.99;7
6.06;0.782;0.048;4.3;0.098;14.7;65.0;0.99892;3.17;0.8;10.97;7
6.47;0.363;0.29;3.58;0.159;38.6;71.3;0.99579;3.21;0.63;11.28;6
9.98;0.628;0.146;2.06;0.032;38.7;128.0;0.99775;3.3;1.0;9.44;5
4.35;0.372;0.392;3.37;0.142;4.3;53.0;0.9928;3.17;0.75;8.4;7
9.74;0.659;0.208;2.66;0.065;22.9;97.6;0.99556;3.23;0.55;10.1;5
7.69;0.37;0.188;1.06;0.023;15.7;38.9;0.99491;3.42;0.5;10.88;4
9.19;0.53;0.237;2.36;0.135;14.4;6;0.99673;3.25;1.1;9.04;7
6.78;0.537;0.132;2.82;0.076;17.6;43.5;0.99485;3.23;0.87;10.35;6
5.99;0.752;0.035;1.01;0.08;17.3;37.9;0.999;3.31;0.44;11.48;6
5.88;0.501;0.42;2.9;0.055;21.2;63.6;0.99483;3.12;0.77;11.64;5
9.03;0.622;0.087;2.42;0.064;20.3;6;0.99636;3.23;0.5;11.03;5
6.0;0.374;0.332;4.02;0.087;31.9;95.5;0.99483;3.29;0.57;11.3;5
9.57;0.352;0.242;2.97;0.033;25.6;36.5;0.99432;3.49;0.84;9.7;6
10.38;0.821;0.4;4.55;0.052;20.2;50.6;0.99465;3.26;0.6;10.91;6
9.18;0.523;0.48;3.63;0.041;37.5;48.9;0.99689;3.51;0.49;10.59;5
7.27;0.448;0.017;1.97;0.01;9.0;64.2;0.99703;3.29;0.62;11.38;6
6.27;0.406;0.678;3.94;0.102;22.7;90.7;0.99447;3.16;0.41;9.36;5
6.12;0.593;0.346;2.28;0.073;25.4;37.5;0.99719;3.14;0.75;10.27;6
9.22;0.493;0.5;0.9;0.076;12.0;36.2;0.99636;3.09;0.85;10.32;6
12.98;0.314;0.21;4.42;0.064;27.5;77.2;0.99664;3.45;0.82;8.92;6
8.02;0.632;0.506;1.53;0.01;18.2;46.5;0.99603;3.26;0.83;8.85;8
6.97;0.61;0.019;1.8;0.118;16.4;35.0;0.99999;3.24;0.85;10.37;6
8.49;0.37;0.526;2.28;0.079;20.1;72.8;0.99521;3.51;0.92;9.46;6
5.89;0.556;0.454;1.44;0.045;31.6;6;0.99831;3.38;0.53;10.27;6
6.82;0.598;0.549;3.44;0.01;1;115.7;0.99661;3.35;0.9;10.27;6
6.76;0.45;0;0.95;0.088;1;43.2;0.99714;3.16;0.76;10.51;7
10.22;0.559;0.428;4.42;0.14;19.9;6;0.9963;3.32;0.46;10.56;5
10.83;0.392;0;2.18;0.146;32.5;80.4;0.99267;3.27;0.58;10.23;6
6.41;0.511;0.268;4.5;0.057;12.2;38.6;0.99613;3.32;0.41;10.22;5
6.99;0.454;0.4;1.76;0.1;23.7;31.5;0.99856;3.37;0.72;10.39;6
8.62;0.405;0.259;1.81;0.12;26.2;86.4;0.9964;3.42;0.87;11.06;5
7.46;0.56;0;2.93;0.099;18.0;28.0;0.99723;3.14;0.53;11.27;6
6.01;0.4;0.594;2.05;0.019;1;27.9;0.99678;3.14;0.87;11.86;7
6.44;0.566;0.15;0.9;0.054;17.5;57.2;1.00042;3.06;0.41;9.13;6
10.01;0.617;0;2.21;0.09;6.3;51.2;0.99557;3.33;0.68;8.97;5
10.88;0.727;0.319;1.34;0.038;1;13.9;0.99631;3.13;0.78;8.4;5
6.93;0.349;0.563;0.9;0.042;1;69.3;0.99536;3.28;0.62;10.05;7
6.53;0.434;0.093;1.68;0.01;9.3;83.2;1.00095;3.38;0.69;11.14;5
5.57;0.263;0.28;4.73;0.134;33.0;6;0.99668;3.31;0.72;10.9;6
6.56;0.678;0.366;4.55;0.062;28.3;70.4;0.99586;3.46;0.59;11.4;5
8.15;1.054;0.298;1.93;0.101;13.1;76.8;0.9961;3.29;0.57;8.52;5
10.56;0.251;0.297;4.73;0.055;21.5;22.6;0.99795;3.09;0.59;9.74;5
8.5;0.834;0.104;5.3;0.221;13.2;31.0;0.997;3.32;0.62;9.2;5
9.05;0.522;0.147;1.4;0.01;20.9;19.0;0.99548;3.39;0.84;9.31;5
7.71;0.623;0.508;0.9;0.044;16.9;85.2;0.99468;3.41;0.34;12.62;6
8.08;0.442;0;2.79;0.135;29.1;140.3;0.99614;3.34;0.47;12.4;5
10.05;0.235;0.324;3.09;0.082;3.4;6;0.99646;3.36;0.49;11.97;6
6.37;0.511;0.25;1.07;0.169;11.3;44.3;0.99719;3.54;0.53;10.22;5
6.1;0.419;0.289;6.61;0.133;21.2;6;0.99652;3.37;0.33;10.35;5
9.27;0.635;0.29;2.35;0.109;20.0;30.7;0.99611;3.05;0.76;10.3;6
11.02;0.636;0;2.21;0.103;30.8;107.1;0.99796;3.46;0.95;10.35;5
6.01;0.621;0.345;4.77;0.049;28.3;47.0;0.99576;3.39;0.81;9.86;6
11.05;0.355;0.232;2.1;0.036;28.8;99.0;1.00104;3.34;0.42;10.93;7
8.11;0.479;0.505;1.55;0.135;12.8;103.1;0.99485;3.25;0.77;11.69;5
9.79;0.57;0;2.36;0.025;19.1;74.6;0.99626;3.22;0.42;9.95;6
9.11;0.533;0.434;3.47;0.094;24.3;49.0;0.99709;3.61;0.88;9.29;7
5.57;0.344;0.043;4.57;0.15;26.3;81.5;0.99869;3.19;1.01;9.95;6
8.28;0.729;0.52;1.75;0.12;11.9;6;0.99852;3.33;0.51;10.64;6
8.9;0.407;0.385;5.81;0.13;14.8;81.8;0.99234;3.33;0.58;9.99;6
10.16;0.769;0.324;4.52;0.151;7.2;56.7;0.99715;3.2;0.6;8.4;5
9.56;0.261;0;1.97;0.055;8.9;6;0.99466;3.23;0.84;9.96;5
10.01;0.267;0.322;0.9;0.204;16.4;62.1;0.99472;2.98;0.49;9.4;5
10.36;0.221;0;4.01;0.118;20.0;43.2;0.99356;3.38;0.59;9.89;4
7.47;0.605;0.135;0.9;0.057;8.6;86.6;0.99807;3.3;0.57;11.02;6
10.92;0.462;0.275;1.37;0.077;1;33.3;0.99073;3.47;0.71;10.5;6
9.16;0.551;0.369;0.9;0.019;19.9;59.6;0.99593;3.0;0.47;11.0;6
8.54;0.131;0.346;4.64;0.108;20.3;61.3;0.99825;3.35;0.71;9.28;5
5.62;0.347;0.445;3.56;0.097;8.8;58.1;0.99481;3.47;0.21;10.01;7
6.93;0.44;0.223;3.83;0.016;17.1;6;0.99621;3.38;0.77;11.28;6
6.55;0.463;0.319;2.36;0.161;27.8;6;0.99456;3.49;0.68;11.09;5
8.36;0.309;0;0.9;0.13;18.1;6;0.99744;3.52;0.48;10.26;7
7.95;0.495;0.365;4.04;0.15;11.4;52.7;0.99498;3.42;0.66;11.39;5
9.76;0.33;0.515;1.58;0.079;17.8;6;0.99649;3.41;0.73;8.86;7
7.25;0.545;0.243;2.17;0.063;9.1;19.3;0.99738;3.4;0.39;12.11;7
9.09;0.669;0.568;1.84;0.089;29.1;14.3;0.99529;3.23;0.74;11.95;5
8.6;0.37;0.524;3.87;0.118;8.5;53.3;0.99881;2.99;0.69;11.92;5
11.47;0.453;0.337;2.16;0.022;22.8;43.1;0.99873;3.48;0.74;10.63;6
7.29;0.555;0.05;4.99;0.021;4.7;17.2;0.99471;3.51;1.05;10.7;6
7.74;-0.065;0.312;0.9;0.038;12.8;98.8;0.99658;3.19;0.55;11.67;7
7.49;0.471;0.253;2.48;0.1;15.5;6;0.9973;3.5;0.7;8.52;6
8.72;0.399;0.311;2.33;0.084;12.9;6;0.99777;3.41;0.61;10.05;6
7.4;0.791;0.468;0.9;0.138;17.6;55.6;0.99287;3.08;0.83;9.6;6
9.73;0.571;0.214;3.53;0.061;26.7;53.5;0.99613;3.68;0.37;9.92;6
11.45;0.708;0.264;2.07;0.153;10.6;58.6;0.9961;3.17;0.83;9.98;6
9.13;0.785;0.392;3.66;0.214;16.2;62.6;0.99225;3.36;0.28;9.11;5
8.28;0.398;0.18;3.43;0.071;8.2;74.4;0.99738;3.12;0.68;11.63;6
10.23;0.381;0.238;0.9;0.029;33.8;26.3;0.99735;3.29;0.8;9.68;5
9.47;0.438;0.358;2.36;0.075;31.8;6;0.99679;3.1;0.63;9.66;6
12.75;0.639;0.399;0.9;0.11;14.9;57.9;0.99766;3.23;0.89;9.92;5
6.94;0.744;0.152;4.22;0.057;1;20.1;0.99725;3.49;0.88;10.81;6
9.51;0.83;0.21;3.8;0.1;9.8;51.9;0.99936;3.2;0.56;13.23;6
7.41;0.277;0.35;3.39;0.127;18.2;64.4;0.99775;3.39;0.86;11.33;5
8.65;0.371;0.44;3.16;0.121;25.2;30.4;0.99563;3.31;0.51;10.66;3
7.98;0.038;0.125;4.46;0.049;17.3;133.2;0.99486;3.23;0.62;8.4;5
6.81;0.418;0;3.17;0.072;7.3;37.6;0.99373;3.48;0.59;10.58;5
6.87;0.342;0.348;5.79;0.085;18.1;11.8;0.99621;3.28;0.59;9.72;5
8.24;0.186;0;3.66;0.063;28.1;98.2;0.99545;3.42;0.62;11.39;7
8.84;0.472;0.241;1.03;0.172;15.0;32.2;1.00004;3.47;0.62;10.89;6
7.74;0.632;0.337;0.9;0.102;19.7;45.4;0.99979;3.25;0.81;11.0;7
6.42;0.644;0.191;0.9;0.107;21.0;15.7;0.99833;3.59;0.74;10.88;6
7.04;0.486;0.28;3.64;0.088;34.9;29.5;0.99397;3.35;0.8;9.73;6
7.82;0.402;0.382;3.31;0.104;15.7;45.3;0.99419;3.03;0.52;9.58;6
6.9;0.685;0.425;0.9;0.046;17.8;56.2;0.99505;3.6;0.72;10.9;5
4.96;0.719;0.173;3.46;0.01;11.3;6;0.99642;3.34;0.73;10.44;7
6.14;0.654;0.014;1.86;0.155;14.1;32.8;0.9936;3.17;0.86;10.52;5
6.74;0.543;0.345;2.19;0.106;22.0;72.9;1.00045;3.09;0.45;9.12;6
7.98;0.531;0.177;2.0;0.092;25.8;6;0.99507;3.33;0.45;11.92;7
5.9;0.351;0.107;4.4;0.172;19.3;57.7;1.00039;3.38;0.75;10.82;5
8.97;0.412;0;4.69;0.125;16.0;36.8;0.99933;3.48;0.6;10.39;5
8.31;0.594;0.112;0.9;0.108;1;66.0;1.00063;3.37;0.8;12.16;7
10.14;0.685;0.214;3.43;0.134;14.8;22.2;0.99592;3.28;0.63;10.34;5
8.83;0.664;0.462;1.53;0.108;15.1;55.2;0.99889;3.27;0.5;9.45;7
7.32;0.598;0.431;1.83;0.109;16.6;62.4;0.99767;3.3;0.73;10.79;6
7.7;0.306;0.434;2.86;0.116;21.5;23.5;0.99573;3.47;0.63;9.58;6
7.84;0.553;0.337;3.41;0.042;13.0;27.8;0.99891;3.31;0.8;11.13;6
9.15;0.578;0.064;3.64;0.173;30.1;58.4;0.9966;3.45;0.63;8.4;5
5.33;0.679;0.01;2.14;0.16;8.6;33.5;0.99737;3.1;0.5;11.13;6
6.67;0.644;0.211;4.91;0.115;20.9;6;0.99675;3.36;0.72;10.8;6
8.53;0.701;0.237;2.19;0.063;12.5;36.2;0.99951;3.43;0.69;8.53;5
7.26;0.349;0.257;3.83;0.125;5.7;54.4;0.99656;3.0;0.82;9.73;5
9.33;0.482;0.282;0.9;0.054;10.5;95.1;0.99568;3.31;0.62;9.21;5
7.16;0.291;0.172;0.9;0.01;19.0;13.7;0.99662;2.9;0.67;9.68;7
7.23;0.509;0.311;5.12;0.112;5.8;90.5;1.00065;3.36;0.62;10.83;5
7.31;0.658;0.194;1.64;0.049;4.6;56.7;0.99633;3.26;0.8;11.36;5
8.51;0.679;0.084;3.44;0.066;11.2;6;0.99854;3.3;0.49;11.31;6
10.43;0.686;0.154;3.97;0.091;6.4;23.0;0.99551;3.14;0.74;11.5;6
5.81;0.383;0.235;7.04;0.133;9.8;60.1;0.99666;3.24;0.7;10.02;5
11.17;0.66;0.141;2.69;0.106;1.3;27.5;0.99995;3.13;0.74;10.75;6
10.0;0.234;0.363;2.66;0.095;9.8;6;0.99554;3.26;0.93;10.0;6
10.3;0.442;0.025;0.95;0.031;21.3;18.5;0.99505;3.25;0.73;11.37;5
10.47;0.382;0.336;2.79;0.072;19.0;79.0;0.99792;3.11;0.65;11.87;5
9.18;0.604;0.28;5.18;0.028;18.9;6;0.99777;3.4;0.68;10.96;6
9.34;0.466;0.171;4.72;0.01;13.8;47.1;0.99721;3.26;0.38;9.14;7
6.94;0.621;0.225;2.03;0.158;10.0;56.6;0.99742;3.28;0.26;8.43;7
7.87;0.652;0.21;3.32;0.064;29.5;87.9;0.9955;3.49;0.44;11.55;5
7.46;0.574;0.498;5.87;0.054;18.8;14.2;0.99552;3.05;0.95;9.96;6
9.99;0.887;0.181;3.78;0.07;11.7;6;1.00162;3.36;0.4;9.15;6
10.8;0.427;0.304;1.53;0.049;12.9;76.7;0.99623;3.34;0.58;11.84;5
5.77;0.679;0.168;3.61;0.082;32.3;79.3;0.99682;3.42;0.95;8.91;6
10.48;0.316;0.229;2.75;0.145;1.4;81.0;0.99592;3.06;0.83;9.97;6
4.83;0.653;0.007;1.23;0.085;1;10.4;0.99654;3.14;0.71;10.48;6
6.21;0.295;0.396;3.62;0.059;9.3;63.2;0.99725;2.9;0.61;11.3;6
5.74;0.402;0;1.86;0.136;15.1;21.0;0.99534;3.04;0.69;9.74;5
9.8;0.862;0.641;1.54;0.105;41.0;88.5;0.99543;3.08;0.39;11.12;6
8.13;0.616;0.438;1.55;0.103;24.4;63.2;0.9976;3.28;0.62;9.3;7
5.83;0.604;0.491;4.05;0.121;35.2;51.9;0.99517;3.23;0.66;11.32;8
6.47;0.471;0.55;1.28;0.111;21.1;68.1;0.9965;3.52;0.79;9.85;6
8.08;0.534;0.382;3.47;0.062;1;34.7;0.9938;3.3;0.53;10.73;5
8.66;0.564;0.683;5.88;0.085;29.7;37.4;0.99669;3.26;0.65;11.91;5
7.0;0.633;0.508;2.18;0.055;11.9;6;0.9966;3.37;0.6;9.88;5
10.27;0.567;0.308;4.52;0.156;24.7;6;0.99809;3.25;0.83;9.39;6
8.19;0.682;0.399;1.77;0.167;15.3;83.9;0.99973;3.16;0.4;10.99;5
8.64;0.663;0.303;2.13;0.039;39.8;44.2;0.99843;3.35;0.61;9.23;6
10.3;0.229;0.33;2.98;0.107;11.0;65.7;0.99867;3.26;1.01;9.2;7
7.14;0.296;0.23;2.05;0.096;17.7;6;0.99703;3.29;0.55;8.95;5
4.71;0.289;0.327;1.84;0.164;25.5;27.0;0.99494;3.51;0.59;13.25;6
8.49;0.679;0.219;2.27;0.011;29.0;35.2;0.99684;3.36;0.56;9.68;5
12.19;0.718;0.129;3.5;0.14;40.2;55.9;0.99609;3.37;0.58;10.58;6
6.92;0.475;0.191;1.04;0.09;19.0;19.9;0.9963;3.24;0.5;8.68;6
4.71;0.551;0.028;2.81;0.017;24.0;63.4;0.99427;3.16;0.73;11.37;5
8.72;0.571;0.556;3.47;0.132;7.1;17.3;0.99618;3.47;0.82;9.75;5
10.93;0.807;0.396;1.1;0.083;19.0;55.3;0.99697;3.44;0.77;11.72;6
9.75;0.524;0.416;3.99;0.114;27.5;78.3;0.99722;3.4;0.6;10.7;7
7.64;0.756;0;3.13;0.061;10.1;111.6;0.9959;3.35;0.76;10.39;7
5.95;0.702;0.416;3.24;0.088;21.5;79.5;0.99533;3.02;0.88;10.11;6
4.86;0.198;0.088;4.16;0.07;6.1;40.9;0.99763;3.38;0.67;13.25;6
8.78;0.593;0.536;1.65;0.046;2.9;6;0.99728;3.43;0.47;10.7;4
8.82;0.616;0.126;0.9;0.01;19.6;27.5;0.99605;3.05;0.52;10.55;6
8.39;0.412;0;3.88;0.024;4.9;22.8;0.99614;3.48;0.43;10.54;6
6.93;0.228;0;2.71;0.039;13.9;41.7;0.99733;3.44;0.55;9.19;7
8.66;0.368;0.511;3.69;0.092;19.3;74.7;0.99685;3.42;0.79;9.89;6
9.72;0.307;0.378;3.4;0.058;1;71.0;0.99424;3.28;0.36;11.05;6
5.13;0.466;0.579;2.17;0.066;20.3;89.1;0.99829;3.4;0.8;10.38;5
8.64;0.537;0.401;1.64;0.135;32.3;53.1;0.9964;3.46;0.73;10.02;5
7.73;0.519;0.443;2.27;0.098;21.8;28.4;0.99839;3.5;0.41;10.27;6
9.99;0.441;0;3.26;0.104;19.0;6;0.99458;3.58;0.56;10.91;6
8.53;0.8;0;3.19;0.12;4.3;60.5;0.9966;3.24;0.57;9.65;5
9.41;0.369;0;3.76;0.09;34.9;25.3;0.99859;3.44;0.74;10.45;6
6.68;0.702;0.529;1.65;0.103;19.3;14.3;0.99493;3.4;0.84;8.9;5
9.28;0.546;0.614;2.7;0.106;14.3;9.6;1.00164;3.34;0.71;10.51;6
5.77;0.578;0.232;1.03;0.032;9.1;12.8;0.99615;3.46;0.57;9.19;5
8.15;0.133;0.424;2.6;0.01;11.8;35.5;0.99473;3.36;0.86;10.79;6
5.86;0.766;0.055;1.77;0.105;15.0;55.0;0.99515;3.52;0.65;9.87;8
8.16;0.605;0.051;1.99;0.088;9.7;104.3;0.99729;3.21;0.59;10.68;7
5.55;0.576;0.313;1.16;0.134;13.9;54.6;0.99613;3.25;0.58;12.09;5
11.45;0.492;0.515;2.41;0.139;6.8;6;0.99617;3.24;0.77;10.79;6
5.63;0.479;0.046;2.56;0.129;1;16.2;0.99614;3.36;0.58;8.47;5
11.69;0.671;0.066;2.77;0.048;25.2;12.6;0.99549;3.21;0.74;9.3;5
8.33;0.716;0.177;5.13;0.072;19.2;60.0;0.99646;3.23;0.56;8.4;5
8.78;0.725;0.26;0.9;0.01;34.7;19.4;0.99554;3.46;0.81;11.02;5
8.57;0.68;0.261;0.9;0.094;24.6;80.7;1.00054;3.41;0.75;9.94;6
7.43;0.533;0.047;4.86;0.034;22.6;6;0.99506;3.34;0.47;10.15;6
5.99;0.327;0.264;1.08;0.103;22.1;24.7;0.99756;3.09;0.55;10.84;5
4.08;0.412;0.509;1.07;0.03;1;35.1;0.99431;3.38;0.4;9.91;6
7.99;0.615;0.517;2.13;0.08;9.7;37.4;0.9927;3.36;0.95;12.14;5
11.36;0.565;0.279;4.74;0.126;8.5;62.2;0.99427;3.27;0.69;10.57;5
8.03;0.22;0.462;2.09;0.12;19.5;56.4;0.99722;3.38;0.66;10.88;5
7.44;0.587;0.143;1.72;0.103;16.5;24.2;0.99776;3.19;0.74;9.0;5
10.62;0.615;0.573;1.13;0.059;16.0;14.0;0.9972;3.35;0.49;10.66;6
7.26;0.599;0.384;1.81;0.156;12.3;47.4;0.99912;3.34;0.52;10.05;6
8.72;0.663;0.747;0.9;0.185;18.5;6.4;0.99299;3.47;0.65;10.43;5
9.01;0.396;0.276;2.53;0.136;11.0;6;0.9946;3.21;0.77;9.46;6
6.62;0.81;0.358;1.44;0.072;11.6;56.8;0.99825;3.46;0.62;11.54;6
9.79;0.485;0.198;1.36;0.081;33.3;22.8;0.99712;3.45;0.64;9.02;4
8.91;0.434;0.014;4.14;0.088;28.6;17.9;0.99325;3.48;0.57;8.68;6
8.9;0.274;0.312;2.71;0.122;2.3;32.1;0.99513;3.42;0.36;10.0;6
9.17;0.519;0.247;0.9;0.113;8.9;54.4;0.99823;3.33;0.8;9.94;5
7.2;0.427;0.242;1.53;0.042;16.3;32.8;1.00074;3.28;0.55;11.08;5
11.36;0.687;0.09;0.9;0.089;8.6;10.6;0.99569;3.13;0.74;10.64;5
8.18;0.76;0.302;4.24;0.093;9.2;6;0.99139;3.24;0.46;10.39;5
10.55;0.765;0.167;2.97;0.082;26.2;33.3;0.99822;3.31;0.58;9.33;5
8.52;0.154;0.294;3.66;0.042;21.4;68.1;0.99674;3.48;0.77;12.15;7
8.77;0.464;0.304;2.54;0.115;10.4;89.3;0.99848;3.41;0.74;9.08;6
7.65;0.645;0.379;3.19;0.079;18.8;17.1;0.99962;3.56;0.56;9.09;6
6.3;0.46;0.232;2.88;0.092;8.0;105.3;0.99761;3.34;0.82;9.86;5
7.87;0.48;0.163;0.92;0.074;25.7;91.7;0.9985;3.33;0.89;10.34;5
8.11;0.631;0;1.6;0.058;32.8;24.5;0.99508;3.35;0.69;10.89;6
11.12;0.658;0.356;4.27;0.063;9.8;6;0.99815;3.2;0.7;10.53;5
7.73;0.107;0.459;2.57;0.046;29.4;8.9;0.99768;3.42;0.57;11.28;4
6.08;0.387;0.482;3.13;0.134;1;27.3;0.99729;3.41;1.01;10.63;6
6.77;0.354;0;1.52;0.062;1;6.5;0.99522;3.2;0.76;11.42;6
9.5;0.56;0.405;2.56;0.095;30.4;50.2;0.99979;3.44;0.61;10.37;5
7.14;0.698;0.259;2.85;0.092;22.4;64.5;0.99756;3.5;0.66;10.1;4
8.67;0.632;0.498;1.06;0.055;27.1;49.4;0.99706;3.5;0.35;12.02;5
8.66;0.547;0.18;3.65;0.071;17.0;106.3;0.9943;3.0;1.24;9.89;7
8.78;0.481;0.536;5.06;0.096;9.3;23.5;0.99797;2.97;0.38;10.43;6
8.85;0.61;0.488;2.85;0.046;33.5;65.7;0.99929;3.09;1.01;9.98;5
10.03;0.626;0.234;2.1;0.01;14.9;22.4;0.99491;3.14;0.66;9.97;6
9.84;0.482;0.053;2.38;0.134;28.1;25.8;0.998;3.33;0.76;12.46;5
7.06;0.881;0;1.11;0.045;25.3;55.6;0.99729;3.18;0.71;9.39;6
7.34;0.346;0.366;0.9;0.133;11.7;75.9;0.99729;3.41;0.56;9.62;5
9.47;0.347;0.063;0.9;0.106;13.8;54.8;0.99693;3.34;0.77;9.99;6
9.62;0.469;0.131;1.17;0.01;33.3;45.9;0.99643;2.97;0.8;10.47;6
8.69;0.348;0.062;3.58;0.057;6.1;6;0.99644;3.4;0.8;10.68;6
11.18;0.212;0.237;2.65;0.012;1;60.5;0.99623;3.4;0.69;8.78;5
6.2;0.598;0.094;3.85;0.165;34.0;106.4;0.99691;3.38;0.52;9.0;5
9.61;0.567;0.038;2.4;0.096;21.1;6;0.99937;3.62;0.54;11.74;6
5.6;0.3;0.397;2.42;0.042;24.1;52.4;0.99754;3.16;0.58;10.79;5
7.85;0.484;0.254;1.93;0.037;17.4;58.0;0.99821;3.28;0.68;11.98;5
10.29;0.604;0.448;5.0;0.064;19.1;77.8;0.99821;3.25;0.67;12.48;5
7.35;0.58;0.464;2.14;0.035;1;6;0.99479;3.21;0.6;9.63;4
8.71;0.578;0;4.05;0.01;12.2;73.0;0.99525;3.09;0.53;9.9;5
11.81;0.44;0;1.97;0.149;18.3;27.5;0.99672;3.64;0.64;9.24;7
9.24;0.74;0;4.65;0.093;37.0;39.6;0.99934;3.22;1.02;9.87;5
5.68;-0.035;0.294;0.9;0.037;20.2;53.6;0.99688;3.17;0.53;10.67;6
7.66;0.544;0.162;0.9;0.03;27.6;66.9;0.9952;3.39;0.66;11.25;6
7.55;0.46;0.277;1.54;0.077;21.3;40.9;0.99826;3.04;0.67;10.6;5
7.73;0.741;0.211;2.9;0.093;1;64.1;0.99817;3.32;0.7;10.08;6
7.24;0.697;0;1.12;0.029;24.2;26.7;0.99648;3.36;0.95;10.47;6
9.84;0.452;0.276;3.16;0.01;30.8;35.3;0.99776;3.26;0.55;11.83;6
6.23;0.581;0.37;1.96;0.098;9.6;83.9;0.99718;3.41;0.27;9.76;5
8.69;0.692;0.359;3.81;0.068;25.4;34.7;0.99688;3.4;0.43;10.15;5
8.8;0.45;0.513;3.19;0.085;1;23.8;0.99739;3.23;0.88;10.05;7
7.45;0.271;0.558;2.17;0.054;28.8;67.9;0.99559;3.42;0.5;9.67;6
10.37;0.337;0.453;2.75;0.149;23.5;44.7;0.99369;3.09;0.56;12.05;6
7.87;0.484;0.158;3.38;0.105;21.6;118.9;0.99772;3.01;0.42;10.36;5
6.77;0.338;0.018;0.9;0.07;10.7;24.7;1.00034;3.35;0.6;11.12;6
10.46;0.38;0.273;4.69;0.075;1.8;25.2;0.99783;3.29;0.66;10.7;5
7.84;0.461;0.192;2.72;0.107;1;12.4;0.99797;3.26;0.9;11.23;5
8.09;0.394;0.334;3.5;0.076;27.0;29.2;0.99556;3.32;0.59;11.48;5
8.02;0.328;0.351;2.31;0.01;23.7;6;0.99855;3.33;0.83;8.99;7
7.49;0.469;0.249;1.46;0.037;18.5;14.7;0.99853;3.39;0.7;9.81;5
8.51;0.738;0.288;2.29;0.033;38.0;11.3;0.9985;3.28;0.42;10.52;6
7.91;0.554;0.435;1.88;0.059;13.1;23.2;0.99727;3.52;0.52;9.18;6
8.2;0.441;0.01;4.6;0.053;16.0;55.2;0.99774;3.11;0.54;8.94;6
8.18;0.725;0.209;1.56;0.01;1;49.3;0.99645;3.34;0.42;11.35;6
7.45;0.704;0.136;3.09;0.133;19.7;24.4;0.9951;3.69;0.57;9.54;5
5.3;0.721;0.259;1.94;0.034;2.2;36.3;0.99757;3.31;0.27;9.68;7
9.21;0.531;0.26;4.51;0.118;1;39.0;0.99658;3.22;0.47;11.6;5
10.08;0.926;0;3.33;0.093;19.2;69.2;0.99962;3.29;1.02;9.16;6
9.64;0.6;0.186;2.17;0.131;14.3;76.2;0.99484;3.22;0.62;9.98;5
8.32;0.505;0;0.9;0.134;23.1;91.1;0.99682;3.57;0.63;11.52;5
7.51;0.37;0.348;6.75;0.01;26.0;6;0.99576;3.18;0.81;10.77;5
9.87;0.644;0.173;0.9;0.107;12.2;6;0.99441;3.27;0.92;10.83;6
6.79;0.416;0.089;1.76;0.103;42.1;39.3;0.99683;3.28;0.62;10.67;6
7.46;0.701;0.12;1.65;0.072;13.1;6;0.99863;3.72;0.45;11.87;6
5.37;0.495;0.39;3.6;0.132;1;18.2;0.99571;3.31;0.7;9.55;6
4.94;0.416;0.372;3.87;0.139;26.1;47.8;0.99801;3.31;0.41;11.39;6
9.31;0.748;0.639;4.51;0.041;17.4;71.4;0.99269;3.36;0.72;10.82;6
8.2;0.45;0.132;0.9;0.16;8.5;8.3;0.99509;3.13;0.85;10.33;6
6.62;0.199;0.128;2.9;0.056;19.2;55.8;0.99934;3.44;0.92;9.74;5
6.02;0.788;0.509;2.01;0.104;15.9;6;0.99588;3.44;0.64;9.35;6
10.29;0.285;0.238;2.79;0.133;4.6;37.8;0.99949;3.6;0.76;9.34;5
7.53;0.467;0.097;0.9;0.068;2.3;10.2;1.0021;3.68;1.06;10.09;6
6.41;0.246;0.279;0.9;0.18;6.1;100.0;0.99746;3.55;0.76;8.88;5
9.04;0.442;0.081;2.65;0.156;14.4;105.1;0.99195;3.18;0.61;8.99;6
3.56;0.356;0.417;2.09;0.158;22.8;107.5;0.99591;3.36;0.66;9.01;6
9.93;0.298;0.16;2.76;0.134;28.1;41.8;0.99773;3.36;0.93;10.41;6
8.09;0.286;0.139;3.33;0.085;26.4;35.8;0.99906;3.02;1.04;12.06;5
12.93;0.69;0.12;1.01;0.152;13.1;39.3;0.99698;3.32;0.85;9.41;6
4.32;0.331;0.476;3.12;0.021;19.5;6;0.99581;3.21;0.57;9.58;5
10.07;0.631;0.159;1.07;0.148;17.8;22.8;0.99603;3.3;0.36;10.94;6
10.14;0.313;0.37;2.95;0.097;31.5;14.7;0.99808;3.57;0.87;10.59;6
9.09;0.334;0.02;2.32;0.068;1;85.6;0.99893;3.63;0.58;11.03;5
10.45;0.223;0.155;3.07;0.104;17.6;65.2;0.99327;3.19;1.12;11.07;6
6.89;0.698;0;4.12;0.127;15.9;84.0;0.99594;3.36;0.41;9.1;6
9.09;0.006;0.191;1.49;0.134;17.1;61.0;0.99729;3.21;0.71;11.26;6
10.6;0.462;0.308;3.84;0.132;26.4;69.0;0.99736;3.06;0.91;10.06;5
8.75;0.28;0.402;2.01;0.083;12.1;6;0.99629;3.21;0.49;11.55;6
6.89;0.412;0.608;6.16;0.077;16.8;36.0;0.99624;3.36;0.72;10.04;6
8.13;0.421;0.4;2.13;0.181;16.1;51.0;0.99311;3.59;0.6;10.77;7
9.58;0.787;0.147;4.99;0.029;16.7;26.3;0.99308;3.11;0.58;10.94;7
7.68;0.4;0.382;2.34;0.01;2.1;37.7;0.99797;3.17;0.67;10.53;6
8.83;0.605;0.046;4.13;0.158;21.4;97.4;0.99622;3.31;0.89;10.24;7
7.25;0.591;0.056;2.3;0.136;36.0;22.1;0.99733;3.19;0.92;8.4;5
8.03;0.599;0.54;3.63;0.114;13.7;97.2;0.99781;3.14;0.59;12.35;5
5.16;0.236;0.253;0.9;0.094;37.8;45.6;0.99608;3.16;0.38;8.85;6
7.71;0.254;0.27;1.48;0.079;1;76.6;0.99319;3.1;0.62;8.4;6
5.51;0.689;0.114;2.63;0.105;22.6;13.0;0.9986;3.26;0.54;11.13;5
9.45;0.457;0;1.95;0.116;21.8;40.3;0.99797;3.29;0.44;10.61;7
9.77;0.317;0;4.07;0.099;6.9;20.8;0.99508;3.48;0.58;11.3;3
9.18;0.453;0.216;3.06;0.067;16.1;27.5;0.9966;3.44;0.8;11.29;5
10.43;0.407;0.368;1.73;0.1;17.8;31.9;0.99333;3.42;0.74;11.27;5
6.09;0.809;0.309;3.41;0.133;18.5;43.8;0.99262;3.36;0.75;8.85;5
8.65;0.327;0.384;3.23;0.016;7.8;96.3;0.99835;3.19;0.95;9.47;5
8.96;0.582;0.38;2.65;0.01;15.9;50.7;0.99955;3.08;1.05;10.33;5
6.47;0.224;0.298;2.55;0.114;8.0;44.7;0.9971;3.0;0.79;10.39;6
9.19;0.794;0.379;0.9;0.057;15.8;90.4;0.99658;3.24;0.57;10.62;8
8.68;0.698;0.184;2.08;0.073;26.0;57.1;0.99577;3.51;0.68;11.38;6
5.82;0.511;0.22;3.59;0.079;25.4;21.3;0.99752;3.35;0.67;12.09;5
9.25;0.139;0.343;3.27;0.105;25.3;36.5;0.99641;3.38;0.87;10.54;6
6.92;0.785;0.057;4.41;0.042;14.1;33.2;0.99564;3.07;0.89;11.62;5
10.42;0.187;0.053;2.02;0.062;9.2;6;0.99883;3.4;0.51;11.86;8
9.15;0.802;0.389;2.79;0.053;13.4;92.7;0.9941;3.66;0.4;11.34;6
7.16;0.584;0.232;0.9;0.14;13.7;46.3;0.99432;3.17;0.69;10.66;6
9.06;0.261;0.259;1.12;0.049;1;65.9;0.9965;3.31;0.49;10.62;5
6.59;0.57;0.373;2.98;0.158;29.3;6.4;0.99384;3.38;0.52;10.28;5
7.75;0.307;0.298;2.92;0.088;18.8;87.2;0.99986;3.42;0.6;10.81;5
5.91;0.626;0.06;3.84;0.087;7.9;27.1;0.99927;3.43;0.4;9.9;5
7.14;0.424;0.597;3.45;0.102;9.3;66.5;0.99644;3.5;0.62;12.26;6
7.92;0.761;0.465;1.03;0.133;26.0;12.5;0.99338;3.22;0.68;11.25;6
9.35;0.246;0.347;3.39;0.08;5.9;58.4;0.99621;3.35;0.76;10.87;6
7.46;0.494;0;3.37;0.091;20.5;76.1;0.99614;3.27;0.77;10.77;7
9.11;0.512;0;2.16;0.11;2.6;41.6;0.99697;3.43;0.4;10.22;5
7.91;0.613;0.323;2.38;0.081;41.6;29.1;0.99913;3.47;0.52;11.85;5
6.1;0.555;0.163;2.83;0.074;21.1;93.9;0.9977;3.26;0.6;10.65;5
7.6;0.185;0.244;4.49;0.168;26.8;51.7;0.99837;3.49;0.71;12.59;5
10.74;0.304;0.358;3.1;0.104;19.0;76.2;0.99621;3.25;0.6;12.55;7
6.51;0.438;0.197;0.9;0.075;13.3;29.5;0.9959;3.2;0.72;9.52;5
10.54;0.394;0.586;1.49;0.082;11.8;123.0;0.99676;3.44;0.86;9.97;6
9.89;0.572;0.059;4.23;0.112;24.1;39.8;1.00189;3.58;0.73;11.38;5
5.94;0.654;0;3.83;0.045;32.2;32.4;0.99552;3.15;0.76;9.13;6
7.87;0.349;0.436;0.91;0.116;9.8;6;0.9963;3.2;1.2;10.48;4
4.24;0.365;0.329;2.3;0.034;32.4;87.2;0.99409;3.29;0.75;12.15;7
4.62;0.543;0.626;3.26;0.096;31.7;34.3;0.99638;3.33;0.82;10.19;6
7.96;0.467;0.471;0.9;0.131;17.8;58.1;0.99706;3.05;0.53;10.82;6
9.21;0.524;0;2.1;0.133;6.4;95.4;0.99617;3.19;0.85;12.25;4
8.33;0.314;0.628;2.72;0.046;1;6;0.99551;3.47;0.56;10.14;5
6.55;0.742;0.231;3.26;0.084;19.3;90.9;0.99693;3.41;0.65;9.05;6
9.11;0.342;0.165;4.4;0.1;10.3;62.1;0.99411;3.34;0.73;11.7;6
9.43;0.671;0.297;2.04;0.083;1.5;14.8;0.99583;3.49;0.63;10.21;5
10.54;0.493;0;1.57;0.126;18.4;50.5;0.99661;3.23;0.77;9.85;6
9.0;0.453;0;2.35;0.067;1.5;76.2;0.99948;3.48;0.79;11.57;5
5.41;0.345;0.243;3.32;0.01;20.9;90.1;0.99837;3.52;0.45;9.38;5
5.87;0.738;0.218;2.27;0.019;24.5;33.7;0.99708;3.17;0.44;12.04;5
10.64;0.33;0.171;3.17;0.073;13.2;73.1;0.99888;3.03;0.66;11.77;6
11.07;0.835;0.206;3.08;0.098;6.4;117.1;0.99751;3.42;0.61;10.77;5
8.5;0.389;0.126;2.72;0.136;5.3;57.2;0.99745;3.27;0.64;11.11;6
6.96;0.609;0.22;0.9;0.154;25.5;37.0;0.99577;3.14;0.63;12.6;6
6.5;0.349;0.262;1.49;0.09;14.7;62.9;0.99544;3.39;0.8;11.37;5
9.08;0.695;0.388;0.9;0.01;11.5;49.5;0.99622;2.97;0.91;9.56;5
7.6;0.665;0.489;2.5;0.071;4.5;44.8;0.99722;3.41;0.82;9.82;4
7.14;0.385;0.16;3.77;0.07;5.1;62.3;1.00031;3.41;0.9;9.94;5
7.84;0.47;0.446;3.15;0.065;31.6;74.2;0.99502;3.25;0.54;10.65;7
7.65;0.362;0.536;3.21;0.124;5.5;64.7;0.99628;3.23;0.61;9.47;6
8.13;0.543;0.323;0.9;0.149;23.2;24.8;0.99558;3.67;0.62;10.34;5
5.48;0.644;0.441;4.23;0.162;36.8;103.5;0.99478;3.41;0.84;10.45;6
9.66;0.667;0.354;2.42;0.113;44.4;10.2;0.99785;3.39;0.8;8.89;7
11.82;0.5;0.255;2.64;0.079;25.7;23.0;0.99869;3.13;0.55;9.47;5
7.02;0.707;0;2.19;0.109;20.1;28.0;0.99722;3.15;0.54;8.9;6
10.6;0.391;0.329;0.9;0.014;37.2;6;0.99701;3.24;0.52;9.22;5
5.42;0.534;0.348;2.25;0.029;20.6;73.1;0.99702;3.21;0.72;9.41;5
8.8;0.436;0.289;5.6;0.066;1;78.2;0.99581;3.07;0.82;10.47;5
7.57;0.889;0.237;5.22;0.101;5.5;50.2;1.00077;3.29;0.67;11.01;6
9.7;0.631;0.037;0.9;0.189;23.6;45.4;0.99793;3.29;0.46;8.84;6
7.51;0.483;0;0.9;0.134;36.0;11.4;0.99648;3.53;0.84;8.91;6
8.25;0.667;0.047;2.43;0.147;22.6;39.4;0.9984;3.4;0.5;9.38;4
7.29;0.136;0.434;3.2;0.086;10.3;6;0.99747;3.24;0.76;11.14;6
7.45;0.536;0.601;3.08;0.01;11.3;24.3;0.99915;3.22;0.51;9.34;5
6.05;0.589;0.391;3.26;0.103;13.0;15.3;0.99677;3.39;0.51;10.19;5
8.34;0.596;0.251;2.02;0.045;7.0;112.7;0.99713;3.22;0.76;10.46;6
7.98;0.499;0.868;1.86;0.022;17.3;28.0;0.99638;3.29;0.27;10.51;4
8.72;0.424;0.262;3.01;0.07;17.8;75.1;0.99728;3.55;0.78;10.11;6
9.86;0.479;0.12;2.17;0.085;3.6;13.3;0.99655;3.34;0.76;9.56;5
4.96;0.341;0.427;2.67;0.047;23.0;6;0.99278;3.33;0.41;11.24;6
6.62;0.355;0.048;3.32;0.04;26.4;64.8;0.99715;3.49;0.7;9.66;6
7.57;0.241;0;2.33;0.096;19.8;72.7;0.99715;3.17;0.88;11.11;5
8.48;0.437;0.258;2.73;0.062;26.2;66.2;0.9928;3.17;0.59;9.37;5
7.05;0.484;0.526;4.62;0.025;35.6;78.0;0.99389;3.43;0.6;11.28;5
8.99;0.327;0.468;2.45;0.107;20.4;31.5;0.99835;3.2;0.59;9.11;7
5.63;0.652;0.188;3.32;0.047;34.4;6;0.99935;3.36;0.73;10.62;6
8.09;0.385;0.274;1.11;0.049;12.7;21.4;0.99547;3.25;0.48;12.04;5
4.62;0.352;0.458;2.97;0.09;20.8;47.5;0.99542;3.52;0.56;10.68;5
9.68;0.427;0.74;0.9;0.174;7.4;43.0;1.00002;3.6;0.92;11.27;6
9.03;0.582;0.131;2.91;0.109;10.6;50.6;0.99875;3.11;0.99;8.62;5
7.48;0.557;0.024;2.22;0.019;1;23.2;0.99947;3.33;0.79;10.29;6
9.01;0.711;0.07;2.45;0.055;40.5;87.8;0.99699;3.32;0.72;12.35;5
9.26;0.602;0.074;1.61;0.137;2.1;32.8;0.99863;3.41;0.82;11.07;5
7.69;0.885;0.21;0.9;0.08;19.1;71.0;0.99754;3.42;0.83;9.29;5
10.37;0.318;0.294;5.52;0.091;18.2;27.5;0.99493;3.28;1.05;11.4;5
9.25;0.313;0.267;3.6;0.099;28.2;73.9;0.99648;3.15;0.61;11.47;6
6.33;0.488;0.007;3.4;0.015;1;48.5;0.99732;3.43;0.69;10.87;5
8.64;0.319;0.063;2.03;0.101;13.7;6;0.99655;3.41;0.69;9.46;5
5.99;0.36;0.456;3.47;0.071;4.5;22.1;1.00059;3.32;0.81;11.04;7
8.79;0.545;0.294;1.28;0.094;19.5;69.6;0.99924;3.42;0.8;9.27;7
6.57;0.423;0.271;3.22;0.113;3.6;108.8;0.99648;3.22;0.64;10.71;5
8.94;0.51;0.062;2.13;0.01;15.3;84.4;0.99649;3.33;0.5;11.77;7
8.85;0.176;0.479;1.45;0.141;26.2;45.6;0.99631;3.61;0.61;10.1;6
7.51;0.537;0.582;3.85;0.08;15.6;24.9;0.9993;3.25;1.0;9.95;6
9.85;0.411;0.495;2.09;0.08;31.6;71.5;0.99548;2.88;0.93;10.31;6
8.79;0.39;0.488;1.12;0.108;34.0;34.9;0.9955;3.71;0.4;10.43;6
10.98;0.907;0.07;1.08;0.074;24.0;48.3;0.99638;3.43;0.69;10.13;5
8.0;0.287;0.388;3.61;0.087;10.8;68.2;0.99848;3.13;0.67;9.8;5
7.57;1.119;0.353;4.31;0.116;19.4;16.1;0.997;3.39;0.43;8.4;5
10.44;0.516;0.431;1.86;0.143;11.9;20.3;0.99416;3.2;0.69;10.97;6
8.09;0.599;0.026;1.73;0.043;13.0;71.5;0.99527;3.42;0.8;9.45;6
12.07;0.341;0.31;1.27;0.11;29.1;53.8;0.99862;3.27;0.67;8.94;5
8.42;0.742;0.436;3.81;0.051;12.4;47.6;0.9948;3.3;0.67;11.19;5
5.0;0.584;0.291;3.52;0.027;13.5;59.4;0.99615;3.48;0.63;10.75;6
7.02;0.264;0.392;2.85;0.135;29.4;23.1;0.99674;3.17;0.36;10.13;8
9.75;0.734;0.279;2.27;0.066;30.1;46.5;0.99732;3.36;0.71;11.58;6
7.77;0.548;0.41;3.53;0.174;13.8;69.0;0.9947;3.41;0.43;11.36;5
6.46;0.452;0.178;3.4;0.024;24.1;94.0;0.99463;3.26;0.6;11.96;7
5.74;0.539;0.042;3.92;0.125;22.7;39.5;0.99691;3.12;0.72;11.33;6
8.42;0.723;0.106;5.5;0.114;27.3;37.9;0.99644;3.19;0.82;10.3;6
6.71;0.524;0.219;1.19;0.15;21.7;15.2;0.99913;3.18;0.89;10.62;6
6.95;0.468;0.45;4.29;0.053;7.4;72.5;0.99535;3.14;0.92;9.61;6
9.38;0.643;0.439;2.18;0.052;8.7;108.2;0.99773;3.35;0.72;12.38;6
10.83;0.559;0;3.36;0.016;17.8;116.8;0.99854;3.6;0.66;9.3;5
7.67;0.47;0.312;2.09;0.092;1.6;86.7;0.99307;3.21;0.9;8.4;6
11.95;0.57;0.408;1.47;0.102;17.7;65.1;0.99805;3.05;0.74;11.74;6
7.75;0.421;0.418;0.9;0.056;24.1;34.3;0.99649;3.41;0.91;11.72;6
7.0;0.643;0.055;1.24;0.094;6.0;18.0;0.99716;3.35;0.51;10.88;5
11.0;0.675;0.242;3.21;0.095;30.0;35.1;0.99788;3.63;0.52;10.41;5
11.03;0.854;0;4.19;0.115;30.5;6;0.99478;3.31;0.9;11.0;5
4.5;0.6;0.266;2.89;0.068;22.8;18.1;0.99949;3.43;0.82;10.17;6
4.39;0.622;0.174;5.62;0.138;29.3;17.5;0.99675;3.27;1.07;10.11;6
7.78;0.479;0;1.46;0.085;18.9;84.7;0.9972;3.21;0.51;9.73;7
11.52;0.587;0.279;2.92;0.01;1;32.6;0.99541;3.08;0.61;10.31;6
7.7;0.347;0.177;2.88;0.01;24.3;77.8;0.9965;3.37;0.83;11.15;6
8.77;0.57;0.582;4.45;0.033;1;6;0.99972;3.33;0.68;10.03;5
8.54;0.576;0.107;4.21;0.088;24.6;17.0;0.99536;3.35;0.71;10.42;6
10.5;0.511;0.092;3.4;0.07;10.1;6;0.997;3.18;0.54;9.34;5
7.66;0.325;0.655;3.55;0.069;1.8;42.3;0.99796;3.58;1.01;10.63;5
11.16;0.297;0.521;4.98;0.188;11.0;6;0.9958;3.33;0.61;10.42;5
5.89;0.751;0.403;3.12;0.045;8.1;67.6;0.99528;3.41;0.69;10.88;5
10.01;0.451;0.493;2.35;0.096;1;6;1.00037;3.15;0.74;9.09;6
6.55;0.812;0.086;3.14;0.077;1;61.3;0.99702;3.12;0.83;9.49;7
5.23;0.298;0.326;0.99;0.063;21.2;74.0;0.99658;2.96;0.68;10.56;6
9.02;0.504;0.27;4.3;0.062;24.8;23.2;0.9955;3.16;0.41;10.96;5
6.11;0.383;0.2;2.46;0.116;4.9;54.7;0.99187;3.39;0.33;10.68;5
12.16;0.68;0.227;4.45;0.08;19.4;70.4;0.99963;3.26;1.0;11.47;5
10.08;0.485;0.229;2.84;0.096;7.6;6;0.99621;3.29;0.65;10.05;6
8.24;0.666;0.107;0.9;0.042;29.1;21.8;0.99566;3.46;0.74;9.63;5
8.23;0.296;0.526;0.9;0.121;20.0;33.6;0.99515;3.55;0.57;11.36;6
3.71;0.616;0.189;1.96;0.191;22.5;52.8;0.99647;3.09;0.46;8.56;6
8.11;0.383;0.185;3.12;0.173;32.4;57.2;0.99182;3.68;0.72;10.62;7
8.65;0.737;0.056;1.74;0.021;24.2;69.7;0.9948;3.48;0.72;9.28;5
8.03;0.604;0.134;2.58;0.122;17.0;15.5;0.99367;3.38;0.75;10.95;6
9.52;0.41;0.135;3.88;0.146;8.1;18.1;0.99543;3.14;0.77;10.68;6
7.52;0.557;0.078;1.88;0.074;15.3;73.5;0.99639;3.37;0.23;11.88;6
6.31;0.298;0.584;0.9;0.111;16.4;43.0;0.99911;3.54;0.54;10.62;5
8.65;0.326;0;4.45;0.157;35.6;11.6;0.99552;3.43;0.41;9.83;5
11.29;0.296;0.049;1.48;0.101;15.8;44.3;0.99493;3.16;0.71;8.49;5
9.35;0.431;0.285;3.52;0.16;37.1;7.7;1.00019;3.47;0.52;9.85;6
6.96;0.66;0.017;2.44;0.107;14.3;37.7;0.99836;3.01;0.52;8.61;5
6.71;0.457;0.419;2.88;0.111;22.5;6;0.998;3.3;0.44;10.25;6
9.48;0.613;0.382;3.3;0.01;24.0;28.9;1.00082;3.57;0.64;11.83;5
7.14;0.619;0.62;2.55;0.076;37.6;6;0.9934;3.24;0.98;10.5;4
9.52;0.938;0;1.55;0.01;13.3;42.1;0.99758;3.23;0.34;9.35;5
8.95;0.901;0;2.46;0.064;13.3;57.1;0.99752;3.07;0.56;11.55;5
6.9;0.369;0.32;0.9;0.045;37.7;6;0.99849;3.35;0.52;11.28;7
6.17;0.776;0.33;3.3;0.088;1;101.8;0.99601;3.2;0.84;12.02;6
8.08;0.644;0.602;0.9;0.136;2.3;58.7;0.99671;3.21;0.62;10.91;5
9.95;0.353;0.442;1.49;0.046;12.2;29.2;0.99627;3.42;0.61;11.61;6
7.05;0.633;0.185;2.62;0.161;29.9;47.3;0.99514;3.44;0.63;10.14;5
7.58;0.49;0.355;1.82;0.018;17.7;9.1;0.99744;3.14;0.55;10.83;5
4.67;0.509;0.284;2.05;0.092;7.8;33.0;0.99843;3.16;0.72;11.14;6
7.6;0.349;0.567;2.02;0.132;10.2;37.7;0.99742;3.52;0.88;9.95;5
8.04;0.505;0.211;0.9;0.149;24.6;94.3;0.995;3.1;0.58;9.41;5
8.13;0.65;0.466;3.19;0.061;23.2;6;0.99605;3.4;0.62;8.4;4
12.42;0.581;0.423;3.39;0.06;16.4;38.9;0.998;3.33;0.53;10.34;6
9.21;0.473;0.187;2.47;0.05;19.4;53.0;0.99614;3.05;0.63;10.51;6
7.53;0.464;0.24;0.9;0.109;29.3;35.4;0.99825;3.28;0.66;10.31;5
9.48;0.414;0.092;2.38;0.107;29.0;37.7;0.99258;3.35;0.53;10.25;4
6.58;0.53;0.103;3.81;0.113;20.6;79.2;0.9964;3.33;0.82;9.0;5
7.36;0.707;0;3.25;0.103;23.9;17.8;0.9967;3.4;0.51;9.61;6
7.16;0.474;0.286;1.47;0.071;24.7;63.4;0.99806;3.17;0.59;12.06;6
8.41;0.59;0.041;1.75;0.15;8.7;93.0;0.99296;3.28;0.73;10.4;5
7.79;0.361;0.275;1.7;0.087;9.6;6;0.99864;3.47;0.7;11.34;6
11.08;0.526;0.031;1.59;0.11;7.8;57.3;0.99922;3.2;0.43;10.21;5
7.76;0.446;0.143;2.4;0.031;5.0;21.6;0.99652;2.96;0.75;11.95;6
7.09;0.672;0.444;2.63;0.081;10.7;55.9;1.00146;3.48;0.62;11.06;6
6.8;0.489;0.468;3.13;0.111;24.0;24.5;0.99621;3.07;0.38;10.11;7
11.51;0.394;0.188;1.52;0.053;15.5;87.5;0.99629;3.26;0.82;11.84;5
8.25;0.61;0.343;0.9;0.091;6.6;52.5;0.99418;3.26;0.96;11.52;6
6.45;0.682;0.559;3.16;0.086;17.8;29.0;0.99867;3.58;0.5;12.46;5
6.45;0.513;0.184;1.46;0.064;15.9;16.7;0.99602;3.18;0.79;9.93;6
10.28;0.784;0.026;5.81;0.056;24.1;6;0.998;3.14;0.36;10.54;6
6.58;0.459;0.245;2.8;0.052;24.6;20.9;0.99401;3.35;0.87;12.95;5
8.27;0.656;0.554;4.06;0.09;14.8;45.9;0.99639;3.37;0.57;11.02;7
7.96;0.498;0.236;4.13;0.157;20.3;45.6;0.99936;3.59;0.6;12.02;8
5.3;0.386;0.107;0.9;0.103;15.9;6;0.99715;3.32;0.74;10.04;6
8.96;0.458;0;3.86;0.15;21.0;60.2;0.99703;2.89;0.52;10.93;4
10.57;0.709;0;1.64;0.155;27.4;22.0;0.99885;3.25;0.82;10.02;6
8.01;0.469;0.372;1.06;0.084;11.5;21.7;0.99723;3.37;0.85;11.25;6
10.87;0.671;0.273;1.78;0.122;1.2;25.4;0.99476;3.24;0.71;10.73;6
9.24;0.748;0.587;2.03;0.095;8.8;36.9;0.99725;3.29;0.53;11.22;7
6.19;0.636;0.567;2.85;0.099;14.1;26.7;0.99775;3.41;0.67;11.1;7
8.96;0.662;0.222;1.49;0.025;16.7;19.0;0.99891;3.1;0.73;10.56;6
7.91;0.359;0.425;3.08;0.158;4.9;95.7;0.99707;3.21;0.6;9.22;6
8.53;0.452;0.292;1.46;0.075;16.4;82.6;0.99855;3.34;0.74;9.54;5
7.45;0.487;0.244;1.94;0.024;16.8;43.4;0.99519;3.38;0.61;10.03;7
7.64;0.716;0.286;2.81;0.106;5.1;15.2;0.99577;3.07;0.85;10.4;5
10.0;0.461;0.125;5.38;0.069;17.7;6;0.99472;3.3;0.72;8.4;5
10.37;0.565;0.62;1.16;0.197;10.4;74.5;1.00153;3.31;0.57;9.07;7
12.14;0.415;0.572;3.04;0.038;16.1;47.6;0.99906;3.57;0.64;10.84;5
8.54;0.602;0.28;4.68;0.113;7.5;16.5;0.99695;3.08;0.71;9.67;6
4.67;0.665;0.011;2.59;0.066;28.1;86.8;0.99889;3.51;0.91;9.24;6
6.77;0.609;0.468;3.25;0.083;2.0;54.4;0.99926;3.33;0.5;9.35;6
11.06;0.531;0;2.07;0.067;18.6;67.4;0.99511;3.37;0.56;9.49;5
5.87;0.745;0.738;3.31;0.062;18.8;20.7;0.99342;3.25;0.67;10.23;6
7.58;0.536;0.242;1.77;0.143;7.3;70.6;0.9919;3.34;0.42;11.48;5
8.19;0.782;0;1.0;0.044;19.0;17.2;0.99698;3.17;0.62;11.09;6
3.55;0.326;0.46;3.29;0.122;28.7;28.8;0.99782;3.58;0.63;9.25;5
8.14;0.617;0.089;2.63;0.142;5.7;46.0;0.99842;3.23;0.96;9.77;5
8.03;0.686;0.288;1.29;0.039;14.1;53.5;0.9966;3.19;0.72;10.66;6
7.08;0.385;0.192;6.26;0.074;8.6;75.0;0.99349;3.29;0.45;10.01;5
8.5;0.825;0.685;0.9;0.013;1;108.8;1.00053;3.48;0.66;9.3;4
9.6;0.484;0.045;0.9;0.113;6.3;62.4;0.99753;3.3;0.8;8.4;5
8.02;0.58;0.095;0.9;0.1;1;67.5;0.99697;3.19;0.55;9.14;7
7.71;0.398;0.239;2.69;0.066;18.7;41.7;0.99925;3.44;0.64;10.46;5
8.65;0.664;0.331;1.92;0.01;3.2;22.0;0.9958;3.44;0.68;10.35;5
7.25;0.687;0;3.09;0.105;31.6;34.7;0.99541;3.61;0.72;11.9;6
7.82;0.458;0.377;3.89;0.083;13.5;74.1;0.99649;3.28;0.59;9.96;5
3.09;0.776;0.776;3.1;0.036;11.7;53.6;1.00096;3.45;0.83;10.7;5
7.68;0.761;0.258;2.9;0.112;18.8;6;0.99512;3.4;0.66;9.31;6
7.62;0.682;0.581;4.35;0.164;11.5;29.6;0.99884;3.07;0.87;9.23;6
8.38;0.139;0.405;3.05;0.122;6.6;40.4;0.99556;3.33;0.8;9.84;6
10.08;0.497;0.097;1.06;0.129;27.0;91.0;0.99668;3.27;0.25;10.05;6
9.5;0.45;0.285;0.95;0.143;27.2;14.4;0.99311;3.21;0.72;9.91;5
9.08;0.448;0.666;1.32;0.07;23.7;64.1;0.9959;3.2;0.69;8.4;6
5.14;0.736;0.232;4.01;0.128;4.4;111.0;0.99784;3.45;0.68;10.39;4
6.77;0.203;0.648;2.46;0.131;20.5;43.2;0.99971;3.5;0.86;9.62;4
6.6;0.239;0.307;2.16;0.133;23.7;6;0.99473;3.5;0.41;10.31;5
9.02;0.598;0.242;5.17;0.088;10.8;63.0;0.99841;3.13;0.98;10.63;5
7.17;0.483;0.212;3.86;0.055;16.1;72.0;0.99612;3.47;0.72;8.81;6
5.88;0.357;0.364;3.47;0.095;25.8;28.7;0.9979;3.4;0.62;9.61;5
6.85;0.444;0.571;2.27;0.062;13.2;77.7;0.9964;3.28;0.69;11.3;6
8.16;0.814;0.252;0.9;0.033;24.0;61.0;0.99823;3.48;0.93;10.01;7
9.87;0.418;0.281;1.68;0.082;17.3;43.1;0.99834;3.26;0.61;11.13;5
8.86;0.214;0.165;1.47;0.01;21.7;98.9;0.99468;3.46;0.41;9.66;5
8.13;0.434;0.106;3.57;0.111;28.0;63.6;0.99365;3.26;0.97;8.4;5
7.12;0.472;0.258;4.85;0.062;1.8;48.0;0.99961;3.27;0.67;9.37;5
6.92;0.652;0.603;5.35;0.127;12.2;44.8;0.99705;3.51;0.49;9.84;6
8.62;0.372;0.186;1.84;0.102;18.8;59.8;0.99895;3.35;0.85;9.14;6
7.35;0.814;0.526;2.7;0.057;20.8;6;0.99664;3.31;0.66;8.97;6
9.24;0.719;0;2.23;0.058;35.9;46.6;0.99822;3.19;0.6;8.4;7
10.08;0.37;0.283;4.11;0.078;17.9;56.8;0.99523;3.36;0.82;9.9;6
7.25;0.5;0.328;0.9;0.1;27.9;29.2;0.99881;3.41;0.74;9.34;5
6.88;0.697;0.54;3.16;0.01;11.2;34.2;1.00186;3.19;0.49;8.87;6
7.83;0.942;0;3.03;0.078;21.4;31.0;0.99824;3.3;0.47;9.47;5
9.11;0.541;0.077;3.83;0.078;25.6;6;0.99674;3.28;0.63;9.72;6
7.85;0.694;0.123;4.78;0.059;27.8;53.6;0.99796;3.01;0.65;11.05;5
9.13;0.242;0.309;0.9;0.111;30.6;60.2;0.99512;3.0;0.52;10.49;6
7.75;0.586;0.172;1.67;0.014;33.2;60.0;0.99736;3.31;0.51;10.59;5
6.54;0.616;0.4;2.73;0.106;16.3;89.4;0.99682;3.19;0.52;10.25;4
8.41;0.46;0.337;0.9;0.051;34.7;76.0;0.99554;3.38;0.59;9.25;5
8.7;0.404;0.004;2.46;0.165;21.1;48.9;0.99508;3.39;0.6;10.45;6
10.1;0.415;0.473;2.69;0.142;18.4;63.8;0.9935;3.11;0.67;9.26;6
6.2;0.836;0.217;0.9;0.07;18.4;34.9;0.999;3.21;0.94;10.34;6
7.05;0.588;0;3.42;0.082;1;89.1;0.99792;3.21;0.83;9.72;5
5.3;0.76;0.303;5.18;0.091;23.3;49.3;0.99538;3.36;0.7;12.0;5
5.84;0.597;0.301;0.9;0.028;32.9;59.2;0.99589;3.33;0.54;10.52;6
8.68;0.702;0;0.9;0.058;11.6;71.8;0.99686;3.41;0.6;11.48;5
9.44;0.478;0.207;3.14;0.128;9.2;62.6;0.99511;3.07;0.75;10.35;5
6.62;0.429;0.346;0.9;0.146;21.3;57.7;0.99931;3.18;0.86;11.67;5
5.95;0.544;0.27;1.31;0.136;44.2;56.0;0.99499;3.31;0.74;10.3;6
8.38;0.239;0.49;0.9;0.177;21.6;16.4;0.99763;3.2;0.73;10.42;6
6.81;0.657;0.415;2.2;0.062;8.5;62.3;0.99781;3.24;0.62;11.34;6
10.55;0.827;0.398;3.92;0.036;8.4;71.0;0.99734;3.39;1.06;9.34;6
8.73;0.421;0.336;2.07;0.116;26.3;30.6;0.9992;3.41;0.59;9.61;5
11.06;0.563;0.238;4.7;0.012;25.6;55.7;0.99481;3.2;0.67;10.58;7
12.66;0.82;0.434;3.58;0.179;13.7;29.3;0.99647;3.14;0.51;9.97;7
10.14;0.709;0.47;1.25;0.135;13.4;9.8;0.99667;3.01;0.7;11.13;5
9.48;0.481;0.344;2.85;0.01;28.3;65.1;0.99754;3.4;0.89;9.05;6
12.46;0.293;0.239;4.31;0.034;23.3;71.8;0.99538;3.14;0.7;10.31;7
7.91;0.564;0.309;3.39;0.095;18.0;51.9;0.99562;3.22;0.86;9.44;6
8.48;0.624;0.042;1.6;0.097;6.4;17.9;0.99784;3.39;0.7;8.4;5
9.36;0.441;0.347;1.01;0.021;11.2;31.6;0.99519;3.25;0.65;9.4;7
10.19;0.618;0.367;1.88;0.093;7.5;37.9;0.99784;3.22;0.21;11.62;5
9.7;0.369;0;4.55;0.118;15.8;59.0;0.99556;3.56;0.69;9.54;5
10.19;0.667;0.091;2.96;0.045;19.0;125.7;0.99489;3.28;0.74;10.8;6
5.85;0.293;0.271;1.73;0.147;10.8;63.2;0.99551;3.67;0.55;9.76;7
11.9;0.686;0.138;4.72;0.171;23.8;46.5;0.99516;3.26;0.87;9.73;7
9.99;0.594;0.489;4.6;0.095;1;69.8;0.99627;3.36;0.42;9.88;6
9.04;0.945;0.48;2.05;0.185;28.1;84.3;0.99772;3.28;0.42;10.98;6
9.19;0.533;0.237;3.15;0.05;7.3;31.7;0.99535;3.49;0.86;10.03;7
8.51;0.666;0.177;1.96;0.225;1;93.4;0.99832;3.42;0.36;9.31;6
9.13;0.235;0.284;3.19;0.151;15.7;21.1;0.99565;3.47;0.47;11.85;5
4.5;0.294;0;2.11;0.161;14.6;71.2;0.99472;3.3;0.91;8.4;5
10.86;0.72;0.28;4.19;0.029;7.5;92.0;0.99871;3.26;0.45;10.96;6
6.88;0.685;0.186;1.03;0.05;22.9;6;0.99586;3.27;0.67;9.41;6
9.82;0.42;0.024;3.98;0.039;31.0;72.2;0.99471;2.95;0.6;11.0;6
6.06;0.507;0.232;2.26;0.083;20.4;41.5;0.9997;3.18;0.61;8.4;5
8.99;0.377;0.412;2.36;0.073;17.0;6;0.99821;3.29;0.96;10.88;6
11.21;0.447;0.443;1.04;0.157;27.4;6;0.99538;3.49;0.64;8.4;5
8.7;0.454;0.222;0.9;0.066;27.2;59.1;0.99842;3.29;0.92;9.28;7
10.86;0.541;0;2.24;0.108;1;11.1;0.99595;3.12;0.67;9.09;5
7.93;0.414;0.486;3.57;0.121;8.4;42.1;0.9997;3.16;0.62;10.86;7
7.93;0.675;0;2.04;0.146;51.1;109.3;0.99619;3.33;0.42;9.95;5
5.03;0.539;0.412;2.43;0.097;30.8;47.6;0.99699;3.31;0.69;8.87;5
6.17;0.306;0.192;0.9;0.135;3.0;24.0;1.00074;3.03;0.65;8.74;7
8.77;0.394;0;4.74;0.125;12.3;6;1.00044;3.51;0.91;11.22;6
8.21;0.877;0.657;2.9;0.032;6.9;50.8;0.99761;3.11;0.61;8.75;6
3.56;0.353;0.028;2.94;0.149;20.6;11.3;0.99674;3.4;0.63;9.15;5
7.5;0.319;0.582;3.82;0.144;31.1;67.4;0.99253;3.15;0.62;8.74;6
7.14;0.114;0.402;2.46;0.031;19.7;33.0;0.99519;3.03;0.51;10.98;6
8.0;0.462;0.12;4.47;0.09;13.5;16.4;1.00052;3.6;0.5;9.56;6
8.18;0.392;0.013;1.12;0.1;21.8;23.8;0.99491;3.36;0.71;11.74;7
7.57;0.387;0.396;2.29;0.063;13.3;58.8;0.99487;3.5;0.8;9.55;5
7.3;0.602;0.538;2.36;0.045;30.6;39.9;0.99664;2.97;0.36;11.38;5
8.93;0.742;0.217;3.93;0.088;38.2;58.8;0.99323;3.19;0.76;10.23;6
8.83;0.642;0.053;4.9;0.141;8.5;6;0.99491;3.22;0.32;10.69;6
9.21;0.577;0.28;0.9;0.059;33.5;24.7;0.9961;3.43;0.6;10.97;6
9.97;0.403;0;0.9;0.184;4.0;83.8;0.99566;3.18;0.78;11.43;5
9.8;0.438;0.375;2.92;0.059;7.7;64.0;1.00041;3.14;0.8;8.4;6
8.74;0.457;0;2.28;0.062;27.4;10.4;0.99564;3.16;0.79;10.71;5
9.78;0.666;0.702;1.19;0.109;17.9;50.0;0.99863;3.43;0.55;9.84;8
8.71;0.221;0.197;0.9;0.197;22.4;31.1;0.99907;3.47;0.53;9.31;6
6.11;0.673;0.317;3.92;0.199;34.4;66.4;0.99888;3.13;0.55;10.32;5
7.12;0.151;0.649;4.54;0.145;5.5;66.4;0.99727;3.37;0.89;12.83;5
8.7;0.375;0;3.59;0.088;23.6;6;1.00228;3.27;0.73;9.51;6
9.24;0.555;0.277;4.63;0.123;8.5;6;0.99507;3.24;0.58;11.68;5
6.36;0.459;0.087;1.57;0.107;31.5;11.2;0.99413;3.33;0.54;9.65;6
5.88;0.61;0.316;4.52;0.163;30.8;25.6;0.99679;3.14;1.02;10.35;7
10.95;0.348;0.411;2.14;0.147;20.0;56.9;0.99844;3.02;0.86;10.0;6
12.32;0.951;0.18;2.67;0.099;35.5;68.8;0.99965;3.35;0.54;9.56;5
7.08;0.484;0.239;4.74;0.055;18.6;67.4;0.99568;3.49;0.81;10.11;7
9.74;0.448;0.353;4.47;0.066;19.7;43.4;0.99737;3.35;0.76;9.79;7
6.75;0.65;0.33;0.9;0.076;32.6;113.0;0.99941;3.39;0.48;11.13;6
10.27;0.893;0.197;3.11;0.114;20.5;15.4;0.99836;3.41;0.39;10.98;6
9.17;0.462;0.241;0.9;0.01;29.8;28.3;0.99617;3.52;0.39;10.97;6
7.1;0.419;0.479;2.42;0.111;12.9;16.2;0.99629;3.45;0.85;11.7;8
12.37;0.654;0.147;5.07;0.098;23.0;75.2;0.99612;3.12;0.68;11.49;6
5.82;0.87;0.096;3.24;0.082;4.6;22.6;0.99786;3.24;0.81;10.3;5
7.16;0.57;0.387;3.99;0.038;1;6;0.99362;3.23;0.45;11.26;5
8.85;0.594;0.177;1.57;0.127;1;38.9;0.99627;3.35;0.87;11.0;6
9.75;0.61;0.456;2.06;0.043;11.7;23.7;0.99664;3.11;0.75;11.32;6
8.9;0.702;0;3.1;0.161;33.6;15.6;1.00074;3.12;0.48;11.56;6
6.48;0.547;0.283;2.84;0.075;21.3;23.7;0.99774;3.25;0.73;11.02;6
5.84;0.826;0;1.21;0.015;18.4;42.7;0.99755;3.0;0.52;11.06;6
9.79;0.449;0.195;1.04;0.07;31.8;41.2;1.00097;3.07;0.61;9.9;5
8.35;0.43;0.134;3.48;0.092;17.7;23.5;0.99345;3.5;0.56;11.36;7
11.67;0.747;0.189;5.69;0.01;18.9;38.3;0.99776;3.41;0.58;10.8;8
8.98;0.268;0.432;2.24;0.059;1;85.2;0.99799;3.32;0.63;11.28;5
7.18;0.597;0.17;2.22;0.143;26.3;27.2;0.99722;3.28;0.67;11.33;5
7.86;0.548;0.27;0.9;0.068;17.0;30.0;0.99638;3.52;0.63;10.4;5
7.98;0.672;0.165;4.59;0.103;12.8;18.4;0.99792;3.02;0.69;9.35;5
10.92;0.426;0.062;2.01;0.076;38.9;58.6;0.99631;3.24;0.53;9.9;6
8.27;0.557;0.185;3.76;0.107;26.5;95.2;0.99738;3.01;0.69;10.43;6
9.97;0.345;0.418;4.18;0.123;7.5;86.9;0.99432;3.37;0.71;10.22;6
7.21;0.596;0.311;2.66;0.086;17.8;23.3;0.99744;3.33;0.57;11.61;6
10.0;1.033;0.174;1.98;0.07;31.1;54.2;0.99619;3.32;0.68;10.74;5
9.35;0.061;0.137;1.86;0.017;21.9;56.2;0.99414;3.74;0.78;11.72;6
6.66;0.4;0.226;3.99;0.122;1;6;0.99617;3.42;0.63;10.43;5
7.68;0.364;0.526;0.9;0.028;31.5;73.4;0.99664;3.29;0.66;9.96;6
9.75;0.441;0.15;0.9;0.121;19.2;65.7;0.99494;3.3;0.46;8.6;5
8.33;0.644;0.269;2.18;0.08;8.8;75.8;0.99252;3.39;0.92;8.4;5
9.86;0.41;0.469;4.37;0.078;17.0;64.9;0.99797;3.53;0.64;10.28;6
8.49;0.469;0.17;1.79;0.07;24.5;64.9;0.99771;3.42;0.83;10.57;5
10.43;0.464;0.301;4.15;0.079;4.9;64.8;0.99634;3.36;0.65;10.81;5
8.16;0.38;0.293;2.85;0.199;19.5;14.2;0.99833;3.32;0.79;11.69;6
7.52;0.567;0.376;3.37;0.074;1;67.2;0.99532;3.36;0.65;9.37;5
8.91;0.467;0.393;3.39;0.058;40.1;6;0.99725;3.12;0.52;9.97;5
9.39;0.641;0;0.9;0.095;29.8;51.4;1.0002;3.14;0.67;11.69;5
8.57;0.527;0.004;3.97;0.114;1;6;0.99814;3.28;0.38;11.0;6
8.16;0.626;0.308;2.14;0.088;30.7;17.8;0.99984;3.22;0.67;10.29;7
9.83;0.35;0.126;3.45;0.026;29.5;34.8;0.99895;3.48;0.65;9.72;6
7.7;0.839;0;3.75;0.123;16.4;51.1;0.99704;3.16;0.42;11.47;7
9.24;0.678;0.483;0.9;0.066;16.1;30.8;0.99647;3.43;0.61;9.29;5
11.33;0.852;0.542;4.53;0.044;12.6;25.5;0.99948;3.1;0.58;9.77;5
6.93;0.552;0.227;2.17;0.146;1;18.0;0.99954;3.39;0.7;10.71;5
9.55;0.705;0.399;2.16;0.091;1;28.6;0.99837;3.31;0.46;9.17;6
7.73;0.444;0.337;3.68;0.01;11.0;51.6;0.99795;3.25;0.67;11.96;6
11.49;0.639;0.279;2.95;0.094;23.3;84.7;0.99984;3.17;0.66;10.48;4
5.73;0.547;0.05;1.49;0.023;13.0;43.6;0.9956;3.25;0.64;10.36;6
6.87;0.442;0.361;2.04;0.101;28.5;93.3;0.99511;3.27;0.87;9.79;5
8.25;0.4;0.163;2.03;0.119;22.2;64.8;0.99924;3.35;0.54;9.38;5
8.52;0.575;0.375;0.9;0.109;10.9;6;0.99535;3.42;0.44;11.91;5
6.22;0.765;0.359;0.9;0.047;15.7;85.8;0.99621;3.41;0.72;11.3;6
7.8;0.245;0.087;2.91;0.09;1;6;0.99702;3.37;0.42;10.82;5
8.05;0.572;0.27;2.74;0.089;15.9;46.6;0.99381;3.39;0.73;10.3;5
5.5;0.147;0.261;1.18;0.074;30.8;43.9;0.99718;3.37;0.72;8.4;7
9.4;0.605;0.221;0.9;0.01;21.6;6;0.99777;3.27;0.87;11.54;5
10.35;0.345;0.264;2.84;0.071;14.4;38.3;0.99546;3.19;0.76;11.53;6
8.75;0.54;0.298;4.19;0.046;36.6;29.5;0.99595;3.07;0.7;11.23;6
9.41;0.5;0.142;0.9;0.101;15.8;6;0.99525;3.09;0.56;10.86;6
5.66;0.509;0.35;0.9;0.152;6.2;37.7;0.99919;3.17;0.51;10.18;6
6.41;0.658;0;5.45;0.09;10.0;14.2;0.99317;3.24;0.5;10.86;5
8.14;0.793;0.599;1.6;0.046;1;34.4;0.99804;3.22;1.08;8.92;5
6.98;0.741;0.258;0.9;0.01;3.0;62.6;0.99328;3.08;0.85;12.81;6
4.7;0.293;0.239;2.49;0.146;31.9;27.3;0.99535;3.06;0.51;10.48;6
5.46;0.829;0;2.16;0.095;25.4;6;0.99843;3.48;0.81;8.48;7
9.27;0.529;0.276;2.99;0.033;20.4;58.0;1.00088;3.48;0.67;11.51;6
7.56;0.506;0.286;2.26;0.11;16.9;68.8;0.99972;3.42;0.71;11.49;5
7.77;0.299;0.438;2.11;0.131;18.7;80.1;0.99487;3.22;0.62;10.21;6
9.82;0.558;0.559;2.96;0.117;8.0;32.0;0.99649;3.23;0.44;8.73;6
12.05;0.577;0.279;0.9;0.095;2.9;53.0;0.99934;3.43;0.58;8.4;5
8.31;0.393;0.32;2.5;0.057;32.7;60.5;0.99565;3.29;0.67;11.9;6
10.82;0.706;0.189;0.97;0.086;12.5;15.6;0.99917;3.21;0.87;10.85;6
4.57;0.549;0.24;3.35;0.076;25.0;61.2;0.9974;3.36;0.56;10.31;6
8.34;0.664;0;2.6;0.073;19.8;73.8;0.9952;3.04;0.68;11.57;6
9.0;0.483;0.47;4.32;0.144;11.4;17.4;0.99739;3.3;0.63;8.79;6
7.9;0.687;0.403;2.21;0.146;12.5;52.1;0.99633;3.68;0.55;11.27;7
11.28;0.324;0.352;3.12;0.024;9.2;6;0.99882;3.23;0.75;12.15;5
9.57;0.33;0.396;2.63;0.113;26.8;84.5;0.99737;3.31;0.68;9.91;6
8.12;0.515;0.345;2.02;0.169;6.0;53.2;0.99553;3.14;0.69;11.28;6
9.32;0.213;0.182;2.99;0.106;1;42.4;0.99878;3.39;0.88;10.31;5
8.39;0.183;0.182;3.31;0.086;19.5;6;0.9983;3.32;0.62;9.25;5
4.78;0.243;0.033;2.53;0.062;2.0;8.0;0.9988;3.17;0.66;9.79;6
7.62;0.828;0.227;2.68;0.105;17.7;60.8;0.99603;3.22;0.53;9.48;6
9.53;0.66;0.19;1.32;0.078;6.8;121.3;0.99483;3.3;0.84;9.24;6
10.42;0.413;0.138;0.98;0.067;16.7;16.4;0.99681;3.09;0.63;10.41;5
9.7;0.475;0.491;1.36;0.181;27.2;23.1;0.99576;3.42;0.75;9.27;5
8.16;0.715;0.094;0.9;0.107;12.2;49.9;0.99512;3.25;0.51;9.51;6
7.91;0.43;0.212;2.08;0.01;11.3;29.4;0.99759;3.03;0.76;11.83;6
8.37;0.734;0.238;4.35;0.061;14.5;26.7;0.9958;3.59;0.59;10.51;5
8.31;0.905;0.095;0.9;0.127;8.6;33.2;0.99555;3.27;0.83;10.78;7
6.68;0.412;0.197;3.0;0.106;24.9;50.0;0.9961;3.38;0.55;9.61;6
7.91;0.772;0.14;3.37;0.182;14.5;44.6;0.99531;3.49;0.63;11.54;5
6.65;0.369;0.245;4.32;0.102;10.8;19.4;0.99615;3.36;0.96;10.75;6
7.28;0.603;0.247;2.31;0.01;14.4;84.2;0.99973;3.48;0.69;11.59;5
8.89;0.64;0.38;3.19;0.065;28.7;20.1;0.9956;3.33;0.73;11.89;5
9.67;0.515;0.083;1.51;0.057;7.8;39.8;0.99833;3.19;0.71;9.16;5
5.91;0.529;0.407;0.9;0.036;27.5;6;0.99496;3.11;0.87;10.67;5
9.78;0.528;0.427;2.77;0.15;13.6;47.8;0.99801;3.26;0.6;9.31;6
7.09;0.633;0.108;3.65;0.07;1;67.8;0.99748;3.33;0.82;11.64;5
8.28;0.684;0.053;0.9;0.037;32.4;6;0.99458;3.51;0.98;11.7;5
8.13;0.473;0.657;4.1;0.05;18.4;63.2;0.99551;3.41;0.6;9.93;5
10.27;0.576;0.304;1.15;0.019;39.8;24.1;0.99777;3.48;1.0;9.61;5
8.73;0.416;0.253;2.03;0.157;27.4;53.8;0.99758;3.06;0.73;10.32;7
7.33;0.528;0.295;4.02;0.024;13.7;45.9;0.99605;3.31;0.69;10.67;5
10.65;0.791;0.395;0.95;0.081;23.6;53.7;0.99752;3.31;0.9;10.43;5
7.67;0.727;0.271;3.18;0.02;5.5;71.6;0.99479;3.42;1.05;9.82;5
6.14;0.351;0.269;0.9;0.039;14.3;7.8;0.99666;3.35;0.55;9.59;5
7.34;0.38;0.15;1.57;0.119;13.1;66.6;0.99872;3.33;0.6;9.96;7
9.05;0.237;0.175;1.58;0.087;17.8;51.5;0.99872;3.14;0.67;8.4;5
9.1;0.477;0.301;5.39;0.055;23.6;33.6;0.99871;3.37;0.47;11.44;5
6.99;0.429;0.054;2.41;0.174;7.4;16.1;0.99693;3.43;1.02;12.1;5
13.0;0.492;0.124;3.52;0.092;13.6;45.5;0.99391;3.47;0.43;10.79;5
10.31;0.595;0.416;3.6;0.01;17.3;102.2;0.99744;3.28;0.44;12.98;7
10.19;0.336;0.464;0.9;0.115;15.2;64.6;0.99742;3.28;0.53;11.13;5
6.91;0.949;0.354;4.26;0.011;25.6;70.5;0.99865;3.3;1.04;10.82;6
8.32;0.507;0.487;3.99;0.108;39.5;37.6;0.99592;3.31;0.31;11.0;6
11.68;0.482;0.411;2.24;0.01;8.0;58.1;0.99514;3.21;0.48;9.42;6
5.45;0.393;0;2.73;0.052;20.3;14.3;0.99607;3.67;0.52;13.15;8
10.53;0.603;0.317;1.51;0.114;4.0;59.4;0.99559;3.48;0.61;10.7;6
8.97;0.334;0.507;1.43;0.107;21.3;56.0;0.99237;3.35;0.79;10.8;7
5.38;0.657;0.392;3.85;0.196;20.6;64.2;0.99764;3.44;0.52;11.8;5
7.72;0.614;0.143;1.89;0.069;20.9;71.1;0.99613;3.35;0.92;11.36;4
6.36;0.474;0.691;4.59;0.111;1.8;48.6;0.99669;3.35;0.74;11.44;6
8.15;0.605;0.112;2.18;0.081;23.2;28.1;0.99914;3.36;0.89;10.31;6
8.7;0.63;0;5.37;0.136;24.6;16.4;0.99516;3.37;0.54;11.76;5
9.26;0.354;0.039;4.13;0.123;14.9;38.7;0.99838;3.13;0.55;8.58;5
6.87;0.519;0.217;1.17;0.099;8.7;74.6;0.99654;3.26;0.77;10.79;5
9.13;0.45;0.22;3.74;0.119;18.3;56.8;0.99707;3.08;0.42;9.61;5
10.12;0.707;0.495;1.91;0.01;3.0;55.8;0.99878;3.4;0.68;10.56;4
8.92;0.61;0.154;3.18;0.138;10.1;18.7;0.99627;3.18;0.76;11.13;7
6.98;0.6;0.482;1.62;0.085;14.7;63.4;0.99208;3.16;0.76;11.02;7
8.25;0.542;0.528;5.5;0.06;13.9;12.8;0.99705;3.09;0.58;8.56;5
10.32;0.531;0.371;1.06;0.097;25.0;17.3;0.99409;3.12;0.65;13.04;6
4.78;0.381;0.138;4.95;0.061;1;61.1;0.99444;3.25;0.66;10.1;5
6.28;0.666;0.326;1.0;0.165;1;85.1;0.99536;3.33;0.8;9.44;5
7.29;0.498;0.226;2.93;0.188;15.7;72.3;0.99616;3.3;0.84;10.07;5
4.35;0.72;0.319;1.47;0.11;3.8;12.8;0.99782;3.57;0.57;9.84;6
7.17;1.039;0.45;3.01;0.154;14.7;62.3;0.99724;3.77;0.52;10.06;6
9.13;0.787;0.51;3.52;0.096;15.2;84.0;0.999;3.3;0.91;9.9;7
6.73;0.558;0.379;5.21;0.15;11.1;84.8;0.99602;3.29;1.0;10.19;6
9.61;0.53;0.331;0.9;0.201;6.6;73.8;0.99806;3.5;0.86;10.64;5
6.41;0.455;0.136;4.69;0.128;9.6;72.4;0.9984;3.65;0.6;8.4;6
11.23;0.468;0.383;2.5;0.056;26.5;38.5;0.99554;3.57;0.64;9.84;5
9.6;0.531;0.181;0.9;0.08;17.5;67.2;0.99457;3.11;0.66;10.02;8
8.69;0.788;0.459;1.68;0.093;5.6;32.8;0.99571;3.47;0.71;11.42;7
8.36;0.765;0.159;0.9;0.132;36.3;34.0;0.99984;3.46;0.48;9.65;5
9.66;0.685;0.576;2.48;0.051;28.2;107.7;0.99743;3.26;0.79;10.81;6
7.02;0.67;0.324;3.29;0.081;15.3;78.6;0.99769;3.43;0.6;10.64;6
9.65;0.597;0.257;2.83;0.129;14.8;30.7;0.99298;3.5;0.56;11.02;5
6.99;0.513;0.441;3.22;0.068;20.3;103.9;0.99688;3.43;0.77;9.28;6
10.33;0.273;0.032;1.98;0.073;7.7;20.3;0.99618;3.51;0.48;12.74;5
9.31;0.449;0.144;3.04;0.093;29.1;32.7;0.99839;3.42;0.5;10.61;6
8.11;0.767;0;1.6;0.112;19.0;21.1;0.99472;3.46;0.48;11.17;6
8.45;0.746;0.687;3.64;0.045;16.9;46.2;0.9952;3.29;0.74;8.64;5
7.74;0.508;0.338;4.57;0.107;27.9;27.8;0.99831;3.03;0.46;10.23;6
9.6;0.66;0.41;1.55;0.043;26.4;41.8;0.99722;3.42;0.73;10.91;6
10.21;0.711;0.307;2.84;0.165;15.7;40.6;0.99384;3.38;0.75;11.77;6
7.75;0.458;0;3.21;0.089;17.5;64.2;0.99616;3.04;0.76;9.72;5
6.91;0.298;0.15;2.87;0.066;10.5;6.3;0.99976;3.45;0.46;8.4;5
8.59;0.524;0.472;3.88;0.156;24.6;6;0.99543;3.29;0.77;10.98;5
9.64;0.803;0;2.94;0.134;20.5;38.8;0.99798;3.4;0.98;11.89;5
4.53;0.335;0.295;4.18;0.148;9.6;20.8;0.9991;3.29;0.6;9.95;5
7.4;0.627;0.578;4.17;0.047;14.9;36.7;0.99709;3.38;0.64;11.08;5
7.53;0.929;0.154;3.68;0.039;36.9;12.5;0.99306;3.01;1.09;10.48;5
7.5;0.315;0.261;2.51;0.095;20.6;27.1;0.99973;3.31;0.97;9.13;6
7.06;0.752;0.21;1.68;0.123;1;6;0.995;3.58;0.48;11.83;6
6.47;0.535;0.001;1.72;0.167;29.3;54.2;1.00049;3.35;0.83;10.84;6
8.3;0.719;0.239;4.06;0.145;16.8;61.0;0.99653;3.65;0.22;12.2;6
11.15;0.284;0.629;4.31;0.071;12.9;46.4;0.99927;3.3;0.26;10.49;5
10.3;0.678;0.547;2.11;0.01;1;53.2;0.99783;3.0;0.82;11.17;5
8.3;0.526;0.123;0.9;0.088;2.5;74.1;0.99937;3.51;0.63;10.07;6
7.33;0.532;0.328;3.67;0.167;18.7;72.5;0.99862;3.37;0.63;10.24;6
8.05;0.357;0.283;0.9;0.112;6.3;22.8;0.99337;3.39;0.8;10.56;5
8.73;0.631;0.104;3.25;0.101;25.6;61.6;0.994;3.41;0.79;11.88;6
9.92;0.379;0.477;1.44;0.148;12.6;29.0;0.99853;3.41;0.46;10.02;5
7.29;0.688;0.589;1.38;0.101;1;6;0.99778;3.03;0.71;11.27;6
7.58;0.544;0;1.31;0.098;18.4;43.2;0.99436;3.43;0.49;9.2;6
9.87;0.551;0.213;3.77;0.174;18.2;23.2;1.00027;3.41;0.59;10.31;6
10.16;0.637;0.393;3.15;0.01;9.9;83.2;0.9973;3.35;0.58;10.83;5
5.71;0.643;0.434;0.9;0.118;31.4;73.3;0.99391;3.37;0.81;10.38;4
8.73;0.53;0.249;2.27;0.091;13.5;22.1;0.99957;3.38;0.45;11.02;7
8.88;0.784;0.462;1.22;0.076;19.9;6;0.99431;3.16;0.8;10.35;6
8.89;0.322;0.231;3.68;0.119;26.9;75.7;0.99896;3.19;0.62;8.61;5
7.91;0.594;0.13;2.24;0.077;13.7;53.0;0.9963;3.32;0.65;10.37;5
8.36;0.693;0.172;3.66;0.03;14.6;11.4;0.99807;3.32;0.75;10.33;5
9.56;0.436;0.116;3.61;0.013;13.7;53.3;0.99611;3.1;0.77;10.66;5
9.69;0.346;0.024;0.9;0.152;17.4;6;0.99331;3.4;0.61;11.2;5
8.86;0.656;0.402;2.91;0.066;3.8;32.6;0.99936;3.32;0.64;12.53;5
10.26;0.46;0.478;1.83;0.029;28.2;34.7;0.99658;3.3;0.76;11.93;6
9.4;0.496;0.382;0.9;0.057;14.6;13.1;0.99747;3.41;0.42;11.24;5
7.99;0.309;0.307;3.72;0.09;11.6;89.3;0.99418;3.2;1.12;9.65;6
9.36;0.544;0;3.92;0.1;17.9;95.4;0.99516;3.51;0.54;13.02;7
9.04;0.538;0.13;3.55;0.08;24.4;6;0.9951;2.97;0.65;10.66;5
5.53;0.328;0.193;4.28;0.207;2.1;123.3;0.9932;3.37;0.9;11.04;4
8.09;0.47;0.355;1.71;0.115;12.3;49.4;0.99493;3.37;0.54;9.75;5
10.83;0.544;0.373;3.04;0.1;5.5;22.9;0.9961;3.04;0.43;10.02;5
6.27;0.386;0.313;3.47;0.053;21.1;56.8;1.00059;3.46;0.44;12.72;6
7.26;0.224;0.26;1.89;0.128;3.9;55.7;0.99469;3.42;0.89;8.72;4
9.6;0.833;0.316;2.53;0.151;27.2;59.6;0.99734;3.02;0.44;10.46;6
10.01;0.486;0.128;1.72;0.215;28.1;82.6;0.99657;3.32;0.57;9.91;5
8.56;0.434;0.423;2.97;0.109;18.2;6;0.99617;3.27;0.86;10.58;6
10.05;0.653;0.055;2.6;0.039;23.9;92.8;0.99912;3.23;0.59;10.4;5
7.4;0.688;0.64;4.34;0.056;1;35.6;0.99891;3.1;0.81;11.14;6
6.17;0.417;0.459;1.35;0.118;16.7;36.7;0.99637;3.24;0.86;11.77;4
9.42;0.558;0.5;2.44;0.101;25.8;57.1;0.99616;3.33;0.63;11.09;5
9.9;0.524;0.183;2.99;0.116;23.7;27.9;0.99763;3.14;0.75;11.69;6
9.37;0.372;0;1.4;0.01;1;59.8;0.99533;3.38;0.64;9.97;6
10.41;0.839;0.239;1.97;0.116;30.9;6;0.9965;3.12;0.56;10.83;6
7.65;0.466;0.416;3.35;0.084;14.0;63.6;0.99467;3.51;0.65;11.23;6
8.89;0.789;0.15;1.5;0.097;19.6;15.2;0.99468;3.19;0.82;10.03;6
9.57;0.188;0.072;0.9;0.037;2.1;45.2;0.99385;3.33;0.33;11.52;5
9.45;0.577;0.026;1.35;0.041;24.0;80.3;0.9958;3.56;0.83;9.52;6
11.0;0.178;0.34;2.11;0.132;1;56.1;0.99996;3.34;0.48;8.4;5
6.59;0.499;0.242;1.78;0.077;8.5;18.4;0.99322;3.47;0.59;9.91;5
3.11;0.307;0.306;4.45;0.055;29.6;86.4;0.99519;3.46;0.54;9.66;4
6.46;0.589;0.129;3.84;0.088;3.0;73.1;1.00077;3.27;0.49;9.96;4
9.34;0.23;0.002;3.87;0.062;14.2;38.7;0.99599;3.12;0.59;9.57;7
10.35;0.575;0.509;2.77;0.067;26.4;6;0.99706;3.03;0.6;11.31;7
10.76;0.765;0.303;1.14;0.124;27.1;55.8;0.99304;3.26;1.02;11.66;5
5.72;0.527;0.262;1.7;0.038;1;6;0.99146;3.66;1.01;12.42;5
8.53;0.598;0.361;4.36;0.126;1;124.8;0.99743;3.27;0.7;10.16;6
7.75;0.791;0.408;3.9;0.103;22.4;88.1;0.99754;3.5;0.49;10.8;5
8.17;0.401;0.263;2.8;0.036;16.2;42.6;0.99781;3.27;0.48;11.11;6
9.68;0.412;0.045;1.54;0.137;33.6;83.0;0.99614;3.03;1.0;9.29;7
4.62;0.36;0.571;3.54;0.196;19.4;34.8;0.99538;3.41;0.64;9.98;5
8.53;0.681;0.195;3.4;0.074;25.0;29.7;0.99244;3.38;0.55;10.58;8
10.51;0.378;0.37;2.94;0.063;20.9;6;0.99837;3.44;0.64;9.1;7
8.76;0.444;0.357;0.9;0.119;7.3;38.6;0.99415;3.17;0.77;11.65;5
9.27;0.414;0.608;3.23;0.052;19.5;80.6;0.99738;3.19;0.37;9.36;7
9.6;0.772;0.095;0.9;0.087;19.4;39.9;0.99807;3.12;0.92;8.85;6
8.7;0.453;0.35;4.14;0.115;14.8;6;0.99582;3.06;0.67;9.81;5
7.53;0.696;0;0.9;0.063;19.6;29.7;0.99601;3.19;0.78;10.56;6
8.68;0.517;0.326;0.9;0.077;5.0;6;0.99115;3.08;0.73;8.4;5
10.68;0.268;0.456;4.05;0.153;15.4;48.1;0.99593;3.29;0.72;9.85;6
7.84;0.621;0.556;2.44;0.083;14.3;6;1.0016;3.53;0.56;9.91;5
8.88;0.281;0;4.19;0.114;10.9;75.8;0.99424;3.37;0.88;10.77;6
8.11;0.717;0.148;1.8;0.079;15.3;84.3;1.00006;3.44;0.69;11.85;6
8.82;0.409;0.068;4.42;0.077;11.4;9.9;0.99644;3.39;0.77;9.77;6
5.88;0.508;0.177;1.62;0.031;19.8;6;0.99761;3.51;0.52;9.48;5
8.91;0.671;0.152;1.82;0.107;17.7;6;0.99929;3.34;0.61;12.26;7
10.57;0.625;0.489;2.27;0.042;13.8;73.5;0.99885;3.47;0.56;10.3;6
7.33;0.426;0.495;0.9;0.09;19.1;7.2;0.99667;3.3;0.5;9.15;6
6.5;0.731;0.478;1.14;0.14;2.9;6;0.99865;3.23;0.82;11.97;5
8.94;0.617;0.2;2.48;0.01;15.1;67.2;0.99461;3.28;0.58;10.78;6
7.47;0.453;0.28;6.01;0.056;1;79.6;0.99395;3.36;0.55;11.67;7
7.52;0.452;0.231;1.63;0.108;6.6;6;0.99795;3.55;0.59;8.4;5
9.95;0.466;0.384;2.37;0.118;13.4;36.2;0.99506;3.13;0.5;12.12;7
10.39;0.75;0.455;2.32;0.095;8.2;14.9;1.00117;3.21;0.63;10.35;5
5.7;0.548;0.331;1.64;0.11;29.7;82.5;0.99865;3.11;0.64;10.89;6
7.94;0.471;0.276;0.9;0.077;8.7;33.6;1.00023;3.38;0.69;11.31;5
6.84;0.573;0.228;3.13;0.081;6.0;92.3;0.9944;3.02;0.71;9.64;5
8.12;0.56;0.223;3.61;0.078;25.1;6;0.99613;3.25;0.94;9.84;4
7.15;0.685;0;0.9;0.132;25.6;35.0;0.99681;3.3;0.57;9.58;5
8.51;0.65;0.078;3.35;0.053;18.8;61.7;0.99502;3.55;0.72;9.37;5
6.97;0.804;0;2.44;0.039;19.4;40.5;0.9978;3.17;0.67;9.5;6
10.76;0.369;0.226;0.9;0.023;18.5;18.9;0.99609;3.1;0.7;10.93;7
12.18;0.276;0.347;1.16;0.074;20.8;86.8;0.99353;3.58;0.74;9.88;6
9.22;0.578;0.746;4.5;0.158;30.4;6;0.99787;3.01;0.67;10.47;5
9.47;0.553;0.108;1.21;0.096;20.3;25.4;1.0002;3.16;0.63;8.4;6
5.39;0.176;0.271;3.54;0.085;1.7;61.2;0.99237;3.45;0.6;9.94;4
6.92;0.688;0.262;1.69;0.065;21.1;85.3;0.9961;3.34;0.56;8.52;6
7.46;0.551;0.334;2.78;0.112;16.5;43.2;0.99642;3.37;0.64;10.52;5
8.36;0.667;0.432;4.43;0.077;16.4;65.4;0.99855;3.24;0.65;8.61;7
9.15;0.37;0.291;2.51;0.042;7.5;19.3;0.99396;3.52;0.8;10.08;6
5.32;0.506;0.169;1.18;0.135;8.0;42.3;0.99482;3.22;0.63;9.92;6
8.65;0.78;0.382;3.33;0.165;12.6;6;0.99393;2.98;1.03;9.76;5
9.39;0.736;0.03;1.75;0.082;1;97.8;0.99585;3.38;0.42;9.1;5
7.05;0.401;0.226;3.57;0.146;13.6;22.9;0.99314;3.16;0.72;11.72;5
6.57;0.63;0.079;0.9;0.111;10.9;56.2;0.99523;3.5;0.58;10.36;6
9.65;0.566;0.012;2.4;0.058;1;66.6;0.99801;3.18;0.7;11.03;5
9.55;0.573;0.444;1.62;0.033;13.8;75.5;0.99813;3.42;0.57;9.22;7
7.25;0.531;0.378;3.44;0.014;31.0;80.4;0.99402;3.47;0.8;9.4;5
9.34;0.432;0.025;1.9;0.178;7.8;7.7;0.99644;3.18;0.59;10.85;6
11.09;0.377;0.434;3.34;0.148;12.9;53.7;0.99836;3.09;0.95;10.39;5
8.06;0.677;0.512;1.59;0.124;1;32.3;0.99629;3.58;0.79;10.8;6
9.34;0.818;0.043;3.33;0.091;1;19.8;0.99638;3.11;0.64;10.61;5
5.81;0.563;0.258;1.62;0.063;11.4;80.6;0.99676;3.21;0.68;10.03;7
7.89;0.562;0.317;3.01;0.109;17.3;62.4;0.99556;3.09;0.47;10.72;6
10.56;0.608;0.268;1.93;0.123;22.8;60.7;0.99757;3.49;0.85;8.8;6
9.24;0.798;0.125;3.39;0.074;3.8;9.3;0.99911;3.36;0.52;10.83;6
7.3;0.359;0.518;0.9;0.091;11.0;48.9;0.99516;3.41;0.74;10.82;6
5.76;0.631;0.403;4.62;0.091;21.8;44.4;0.99647;3.39;0.78;9.21;6
5.27;0.877;0.205;0.9;0.158;22.8;13.1;0.99386;3.36;0.9;9.96;6
7.8;0.494;0.271;5.58;0.158;22.0;64.4;0.99511;3.38;0.58;11.33;5
9.39;0.47;0.716;3.11;0.149;4.1;145.1;0.99763;3.46;0.58;10.01;5
9.11;0.464;0.272;2.13;0.077;10.6;6;0.99327;3.44;0.78;10.53;5
7.83;0.783;0.411;1.79;0.08;36.7;69.9;0.99415;3.24;0.56;10.2;5
6.94;0.703;0.456;3.74;0.061;1;48.1;0.99554;3.2;0.77;9.85;5
5.87;0.622;0.453;2.52;0.061;18.8;47.4;0.99887;3.54;0.86;10.41;5
10.18;0.237;0.16;3.04;0.033;18.2;48.3;0.99956;3.17;0.58;10.26;5
8.38;0.449;0.39;3.99;0.032;12.4;65.2;0.99408;3.23;0.69;12.1;7
8.85;0.47;0.067;2.68;0.1;8.3;53.7;0.99537;3.34;0.7;10.58;7
6.94;0.697;0.244;3.72;0.096;9.7;44.4;0.99629;3.22;0.62;9.13;5
7.9;0.357;0.36;2.53;0.099;16.7;48.8;0.99759;3.53;0.74;9.91;5
10.04;0.164;0.135;2.94;0.044;19.9;52.4;0.99601;3.15;0.55;11.23;6
5.96;1.02;0.376;1.32;0.115;12.4;73.8;0.994;3.17;0.67;10.09;6
7.87;0.447;0.269;2.82;0.052;4.4;6;0.99547;3.53;0.77;10.52;6
4.89;0.525;0.285;2.56;0.25;32.7;69.6;0.99922;3.37;0.35;10.4;5
9.88;0.234;0.442;1.93;0.01;1;15.9;0.9946;3.38;0.87;9.64;5
5.39;0.387;0.215;1.37;0.111;21.8;59.9;0.99656;3.36;0.53;10.53;5
9.02;0.668;0.397;4.64;0.155;12.7;10.5;0.99529;3.74;0.36;10.25;6
8.42;0.619;0.209;0.9;0.146;14.6;40.0;0.99446;3.35;0.75;9.21;5
8.82;0.559;0.423;4.29;0.17;19.1;36.3;0.99609;3.64;0.49;12.22;5
7.24;0.407;0;0.9;0.06;29.5;8.6;0.99569;3.34;1.01;12.31;7
8.06;0.305;0;0.9;0.137;10.4;72.1;0.9933;3.66;0.59;11.14;5
7.41;0.537;0.062;3.51;0.057;1;40.3;0.99485;3.24;0.48;10.37;4
9.81;0.818;0.266;2.98;0.034;17.8;99.1;0.99873;3.39;0.52;11.66;5
9.51;0.482;0.206;4.16;0.17;9.5;7.4;0.99736;3.11;0.33;11.49;5
8.06;0.349;0.535;1.81;0.127;3.2;55.8;0.99687;3.16;0.87;10.32;6
11.39;0.378;0.352;5.45;0.115;11.8;30.5;0.99584;3.63;0.58;9.15;5
7.73;0.587;0.497;1.76;0.131;4.0;33.3;0.99577;3.11;0.39;11.91;5
7.11;0.39;0.151;2.55;0.124;14.1;41.6;0.99513;3.35;0.68;10.48;6
9.09;0.587;0.447;2.38;0.093;1;12.2;0.99802;3.44;0.8;8.73;5
6.95;0.31;0.219;0.9;0.086;20.0;34.2;0.99658;3.49;0.94;10.31;5
6.69;0.44;0.221;2.18;0.077;22.8;67.5;0.99448;3.32;0.39;9.29;6
10.6;0.785;0;4.1;0.034;21.5;60.8;0.99594;2.99;0.4;12.95;5
8.26;0.756;0.412;3.25;0.092;13.9;82.7;1.00027;3.29;0.8;10.76;5
9.03;0.508;0.314;2.95;0.123;29.2;54.0;0.99614;3.34;0.66;9.19;7
8.27;0.217;0.373;3.32;0.011;11.7;18.2;0.99495;3.55;0.58;11.21;6
6.88;0.587;0.314;2.32;0.143;34.3;44.8;0.99812;3.13;0.87;9.69;7
6.01;0.456;0;1.93;0.088;44.3;10.2;0.99831;2.98;0.8;9.74;7
9.34;0.665;0.363;2.45;0.128;13.2;33.0;0.9944;3.15;0.63;10.08;6
6.69;0.551;0.209;1.23;0.072;6.7;58.5;0.99703;3.29;0.6;11.08;6
6.44;0.57;0.149;1.97;0.131;14.5;30.0;0.99523;3.3;0.62;10.68;6
10.55;0.6;0.177;1.57;0.125;25.6;28.4;0.99612;3.27;0.82;8.9;6
10.78;0.513;0.028;1.02;0.109;33.4;64.4;0.99668;3.34;0.69;9.53;5
6.4;0.755;0.055;5.05;0.013;8.0;36.1;0.99825;3.36;0.95;10.51;5
7.92;0.635;0.127;3.41;0.01;20.1;6;0.99749;3.46;0.64;10.08;5
7.12;0.74;0.278;3.0;0.063;1.1;57.8;0.99773;3.37;0.78;12.28;5
7.61;0.731;0.072;1.13;0.095;17.1;6;0.99601;3.36;0.78;11.93;5
5.07;0.873;0;2.47;0.032;13.2;37.6;0.99713;3.34;0.19;11.63;6
8.51;0.302;0.452;3.28;0.086;20.4;32.1;0.99296;3.1;0.38;11.07;4
8.93;0.342;0.465;2.49;0.085;22.1;51.4;0.996;3.27;0.28;11.66;5
9.02;0.54;0.054;2.72;0.13;7.1;29.3;0.99671;3.26;0.23;9.46;6
7.4;0.631;0.107;2.43;0.13;25.2;46.8;0.99445;3.42;0.55;10.46;5
4.06;0.441;0.09;2.08;0.129;10.4;22.0;0.99747;3.39;0.72;10.06;7
9.88;0.761;0;3.32;0.029;4.6;95.8;0.99629;3.1;0.44;11.41;6
9.27;0.539;0.129;2.0;0.152;15.3;8.4;1.00045;3.37;0.5;10.07;5
10.09;0.617;0.208;0.9;0.171;23.4;21.0;0.99553;3.31;0.71;9.7;4
10.49;0.279;0.057;2.83;0.161;10.0;46.1;0.99572;3.23;0.86;8.62;4
10.5;0.247;0.343;0.9;0.013;14.3;16.8;0.99801;3.23;1.02;10.96;5
6.98;0.517;0.694;3.6;0.077;1;73.5;0.99728;3.49;0.62;10.72;6
8.87;0.802;0.238;2.46;0.056;1;61.7;0.99401;3.32;0.89;11.13;6
9.85;0.333;0;2.31;0.01;5.8;32.1;0.99474;3.21;0.86;12.27;6
13.42;0.739;0.171;4.24;0.123;24.7;41.0;0.99875;3.41;0.78;10.87;6
8.49;0.283;0.088;1.75;0.111;13.3;117.3;0.99805;3.12;0.57;10.07;5
7.58;0.492;0.816;1.92;0.057;5.5;6;0.9989;3.5;0.58;11.7;6
8.1;0.752;0.346;3.3;0.074;29.8;88.2;0.99807;3.32;0.68;10.3;6
6.92;0.653;0.583;4.58;0.021;15.1;26.6;0.99456;3.37;0.47;10.3;5
8.49;0.478;0.446;2.88;0.05;22.5;34.5;0.99258;3.19;0.51;9.18;5
7.78;0.523;0.073;2.7;0.088;1;32.8;0.99573;3.2;0.98;8.7;6
6.58;0.644;0.297;2.58;0.078;21.3;17.7;0.99745;3.44;0.82;8.4;7
6.73;0.425;0.304;2.67;0.068;5.5;94.6;0.99621;3.25;0.69;11.96;7
8.53;0.504;0.347;4.82;0.135;23.3;45.5;0.99601;3.58;0.58;10.29;6
10.38;0.414;0.3;0.97;0.079;15.6;54.5;0.99352;3.13;0.75;10.26;6
9.24;0.298;0.161;3.58;0.141;18.7;7.1;0.99435;3.26;0.42;10.23;5
5.73;0.477;0.06;0.9;0.098;17.0;57.8;0.9948;3.12;0.91;8.4;4
6.75;0.449;0.215;3.25;0.078;28.9;8.5;0.99437;3.54;0.51;9.39;6
8.44;0.556;0.509;2.29;0.2;16.8;71.7;0.9956;3.35;0.71;9.48;5
8.7;0.72;0.214;0.9;0.107;13.2;30.7;0.99595;3.51;0.67;9.95;6
9.44;0.331;0.221;4.44;0.01;2.3;27.6;0.99717;3.54;0.97;9.7;5
10.32;0.666;0;3.49;0.068;14.9;20.7;0.99909;3.52;0.58;11.15;6
9.1;0.391;0.288;1.82;0.102;11.1;64.1;0.99519;3.43;0.42;12.15;5
8.64;0.196;0.526;3.7;0.058;26.9;35.3;0.99695;3.39;0.77;9.43;5
9.48;0.724;0.127;4.53;0.088;14.8;80.3;0.99792;3.58;0.55;11.09;6
10.75;0.533;0.373;1.31;0.11;37.6;16.3;0.99721;3.17;0.6;10.46;5
5.83;0.42;0.349;2.34;0.01;3.1;6;0.99436;3.37;0.6;10.6;5
7.64;0.851;0.46;2.5;0.053;23.5;6;0.99903;3.38;0.67;10.68;5
6.95;0.593;0.745;2.87;0.084;32.1;60.4;0.99664;3.04;0.65;9.54;5
7.73;0.564;0.173;1.1;0.065;4.5;22.8;0.998;3.19;0.75;11.03;7
8.5;0.342;0.218;0.9;0.102;3.7;70.0;0.99837;3.4;0.37;12.42;6
10.18;0.652;0.333;3.8;0.099;2.6;29.4;0.99691;3.41;0.52;10.6;7
8.91;0.243;0.056;3.19;0.113;10.6;59.5;0.99591;3.16;0.63;10.23;4
10.48;0.42;0.324;0.9;0.045;37.9;44.9;0.99874;3.23;0.23;9.6;5
8.86;0.929;0.349;0.9;0.115;7.2;53.1;0.99715;3.23;0.82;9.61;5
8.8;0.367;0.474;1.73;0.123;10.2;59.9;0.99815;3.57;0.48;9.68;5
8.4;0.442;0;2.63;0.079;1;6;0.99435;3.36;0.7;11.92;7
10.1;0.963;0.582;3.79;0.092;8.9;122.0;0.99644;3.26;0.63;9.8;4
7.98;0.357;0.306;5.13;0.153;9.2;64.3;0.99729;3.37;0.66;11.18;5
9.72;0.59;0.034;2.88;0.075;21.8;75.1;0.99833;2.99;0.73;10.67;5
8.11;0.415;0.628;0.9;0.047;2.7;43.7;0.99939;3.28;0.63;9.88;6
12.58;0.553;0;3.42;0.044;1;22.6;0.99604;3.11;0.63;10.61;5
8.32;0.461;0.459;2.63;0.15;12.0;102.1;0.99608;3.55;0.68;10.35;5
8.26;0.868;0.121;1.03;0.111;10.3;6;0.99888;3.39;0.4;8.74;7
9.89;0.517;0;0.9;0.13;13.4;48.0;0.99528;3.17;0.81;11.03;5
9.63;0.959;0.448;0.9;0.061;9.4;20.4;0.99291;3.46;0.68;10.09;6
7.91;0.326;0.552;3.13;0.09;27.8;41.2;0.99955;3.23;0.24;9.69;5
6.39;0.123;0.032;1.83;0.111;28.0;47.1;0.99406;3.52;0.74;11.22;5
6.13;0.276;0.388;2.97;0.061;21.4;63.3;0.99598;3.46;0.79;10.57;5
8.89;0.792;0.173;4.01;0.154;8.6;107.0;0.99951;3.42;0.71;10.48;7
6.01;0.655;0.258;2.66;0.092;2.9;80.1;0.99553;3.31;0.76;10.8;5
7.89;0.545;0.371;3.57;0.07;4.4;6;0.99856;3.23;0.67;8.4;6
10.21;0.505;0.505;0.9;0.141;23.2;17.7;0.99559;3.33;0.7;11.18;6
7.95;0.765;0.041;3.12;0.07;7.2;75.5;0.99857;3.39;0.62;10.47;6
10.21;0.528;0.417;3.24;0.126;30.0;26.7;0.99632;2.96;0.84;11.97;6
10.13;0.607;0.426;4.63;0.043;1;36.4;0.99621;3.08;0.49;9.96;6
7.12;0.525;0.104;3.83;0.142;22.7;25.4;0.99962;3.25;0.48;10.28;6
7.58;0.583;0.287;3.82;0.085;17.0;87.0;0.99763;3.11;0.7;11.74;5
10.26;0.451;0;1.05;0.1;7.9;74.0;0.99631;3.38;0.68;9.77;6
8.23;0.558;0.324;0.9;0.066;1.6;35.9;0.99742;3.22;0.61;9.89;5
7.98;0.732;0.246;3.5;0.14;28.7;30.8;0.99656;2.97;0.86;9.49;5
10.14;0.62;0.276;2.38;0.082;22.8;51.5;1.00094;3.42;0.62;9.71;5
7.9;0.32;0.328;1.95;0.112;10.4;44.5;0.99616;3.32;0.57;11.23;5
9.19;0.524;0.396;1.45;0.01;5.5;94.9;0.99713;3.6;0.5;10.69;7
10.1;0.654;0.319;2.94;0.115;16.8;18.7;0.99556;3.48;0.49;10.36;5
6.36;0.249;0.033;3.81;0.153;10.7;43.3;0.99703;3.19;0.81;8.95;6
9.89;0.6;0.399;4.09;0.097;9.2;74.4;0.99819;3.16;0.66;9.46;6
7.73;0.74;0;0.9;0.106;23.8;26.0;0.99536;2.97;0.83;11.07;5
7.37;0.644;0.196;4.87;0.085;31.1;13.9;0.99743;3.54;0.63;9.87;5
7.63;0.507;0.282;1.71;0.05;10.6;51.4;0.9972;3.38;0.72;10.06;5
9.05;0.627;0.182;2.95;0.107;7.4;17.8;0.99428;3.3;0.75;9.52;6
5.26;0.741;0.204;0.9;0.093;29.7;32.5;0.99642;2.96;0.73;11.05;5
8.63;0.459;0.038;1.28;0.084;22.9;33.6;0.99789;3.58;0.99;13.01;7
8.04;0.594;0.437;4.16;0.107;17.1;71.7;0.99773;3.58;0.7;9.68;5
10.03;0.225;0.079;2.28;0.034;27.7;21.2;0.99826;3.26;0.28;9.64;5
7.78;0.298;0.343;4.53;0.035;13.8;102.7;0.9989;3.18;0.81;10.09;5
6.97;0.675;0.388;1.44;0.144;10.0;6;0.99661;3.41;0.7;10.34;5
9.01;0.374;0.442;4.08;0.054;37.8;11.5;0.99811;3.24;0.79;10.93;6
7.05;0.437;0.501;1.86;0.015;28.0;73.3;1.00009;3.32;0.84;11.0;5
8.21;0.419;0;2.4;0.133;23.7;35.5;1.00141;3.3;0.53;9.27;5
11.63;0.269;0.335;1.45;0.071;24.1;44.3;0.99607;3.21;0.61;10.52;7
7.08;0.512;0.237;0.9;0.072;33.8;100.6;0.99856;3.0;0.71;10.84;5
7.59;0.503;0.411;2.07;0.112;24.1;72.6;0.99641;3.44;0.55;12.01;5
6.59;0.673;0.041;2.35;0.074;1;47.3;0.99812;3.5;0.67;10.2;6
9.35;0.175;0.328;1.64;0.038;19.8;17.0;0.9958;3.27;0.76;9.91;7
8.49;0.493;0.223;2.72;0.014;23.5;6;0.99732;3.29;0.8;9.97;6
8.03;0.481;0.378;2.67;0.105;10.7;66.1;0.99788;3.21;0.88;10.93;4
8.02;0.378;0.742;2.28;0.064;31.3;19.1;0.99407;3.27;1.12;12.18;7
8.69;0.64;0.143;1.63;0.133;30.8;70.0;0.99941;3.23;0.59;10.11;6
4.93;0.367;0.522;3.82;0.078;27.9;16.5;0.99702;3.42;0.78;11.76;6
5.8;0.625;0.355;4.13;0.085;15.5;22.1;0.99833;3.2;0.32;11.34;5
5.67;0.555;0.468;0.9;0.081;11.4;49.2;1.00165;3.44;0.76;10.61;6
8.53;0.438;0.158;2.51;0.115;7.7;77.6;0.99798;3.35;0.72;8.8;7
4.93;0.607;0.75;1.67;0.027;17.7;59.5;0.99848;3.13;0.76;9.46;6
8.06;0.883;0.31;0.96;0.052;31.5;61.8;0.99766;3.42;0.64;10.2;7
7.39;0.715;0.16;0.97;0.028;6.5;155.2;0.99341;3.7;0.8;9.34;6
6.97;0.291;0.346;1.86;0.133;13.1;6;0.99916;2.95;0.3;10.8;7
10.79;0.546;0.675;2.94;0.035;17.0;34.8;0.9953;3.16;0.62;12.03;6
9.33;0.608;0.105;2.65;0.158;1;53.1;0.99396;3.3;0.68;10.02;5
7.29;0.477;0.308;2.99;0.019;18.4;107.7;0.99491;3.33;0.91;11.09;6
9.78;0.571;0;1.48;0.151;9.9;22.9;0.99818;3.3;0.59;8.4;5
6.75;0.497;0.285;3.1;0.079;13.3;6;0.9971;3.44;0.5;10.13;5
8.26;0.528;0.365;3.36;0.062;18.3;92.2;0.99695;3.27;0.6;10.36;5
7.57;0.745;0.18;2.56;0.037;25.9;35.5;0.99401;3.27;0.48;11.19;6
8.54;0.633;0.052;2.64;0.143;22.7;48.7;0.9957;3.18;0.45;13.08;6
9.1;0.744;0.217;0.9;0.096;3.8;96.9;1.00086;3.17;0.51;8.4;6
8.01;0.61;0.543;3.86;0.073;21.8;93.5;0.99589;3.36;0.42;10.65;5
9.14;0.576;0.32;3.87;0.019;5.7;49.2;0.99914;3.3;0.29;11.08;6
8.3;0.518;0.056;3.4;0.055;21.4;28.6;0.99495;3.15;0.79;8.4;7
6.14;0.808;0.456;1.56;0.116;14.9;38.4;0.99701;3.28;0.53;10.97;6
7.85;0.536;0.235;0.9;0.027;10.1;81.0;0.99623;3.48;0.81;10.08;6
7.55;0.548;0.397;1.9;0.028;14.6;26.2;0.99604;3.38;0.75;11.36;5
6.74;1.034;0.429;0.99;0.144;8.5;6.7;0.9958;3.23;0.8;11.4;5
7.48;0.479;0.432;2.32;0.188;31.2;21.3;0.99618;3.42;0.98;11.43;6
5.16;0.779;0.001;1.29;0.09;32.2;63.0;0.99551;3.2;0.69;12.03;5
5.9;0.26;0.224;1.55;0.037;17.9;54.6;0.99576;3.45;0.51;9.67;7
10.9;0.507;0;2.04;0.01;13.0;43.4;0.99813;3.33;0.67;11.52;5
6.92;0.495;0.182;2.12;0.089;5.5;108.9;0.99547;3.3;0.45;9.05;5
6.04;0.568;0.332;1.97;0.087;19.0;40.3;0.99869;3.19;1.03;11.3;6
10.24;0.571;0.176;2.43;0.043;19.3;58.7;0.99649;3.14;0.87;8.76;6
7.38;0.461;0.038;1.56;0.152;1;13.7;0.99601;3.43;0.3;8.43;5
5.66;0.43;0.393;2.47;0.129;12.5;55.4;0.9971;3.5;0.41;12.03;5
9.65;0.836;0.425;4.3;0.148;31.4;58.8;0.99868;3.37;0.82;10.3;5
8.04;0.301;0.346;0.9;0.085;19.2;15.1;0.99826;3.05;0.95;10.81;7
6.72;0.296;0.467;1.44;0.072;33.0;64.8;0.99642;3.33;0.59;9.77;7
6.6;0.656;0.329;3.73;0.085;17.8;36.9;0.99716;3.58;0.87;8.4;5
9.27;0.3;0.234;3.92;0.12;31.7;39.5;0.99354;3.32;0.54;12.71;6
12.46;0.537;0.372;3.49;0.123;23.1;45.2;0.99769;3.23;0.68;11.22;6
10.75;0.641;0.174;1.23;0.01;22.5;111.1;0.99695;3.42;0.81;9.05;5
6.47;0.576;0.231;2.3;0.131;39.3;73.5;0.99734;3.41;0.4;9.52;6
8.52;0.565;0.214;5.67;0.091;12.8;11.2;0.99617;3.57;0.56;11.12;7
5.43;0.724;0.291;2.98;0.111;18.4;20.3;0.99718;3.27;0.77;8.85;7
8.12;0.899;0;3.11;0.171;29.8;14.9;0.99443;3.26;0.78;11.9;6
10.21;0.793;0;3.81;0.101;3.3;35.9;0.99766;3.27;0.55;9.07;5
8.76;0.48;0.414;4.12;0.107;2.8;34.2;0.99497;3.32;0.52;10.38;6
10.39;0.723;0.199;1.46;0.05;16.4;33.5;0.99709;3.38;0.7;10.59;6
8.82;0.516;0.093;0.9;0.01;9.7;46.0;0.99609;3.67;0.43;12.3;6
9.85;0.251;0.298;3.51;0.01;7.9;28.7;0.99445;3.2;0.66;11.42;6
7.98;0.145;0.338;2.96;0.133;36.1;97.9;0.99564;3.31;0.88;10.51;6
8.65;0.579;0.345;3.49;0.15;12.6;23.0;0.99805;3.21;1.02;9.81;6
10.49;0.529;0.444;6.17;0.073;26.7;51.7;0.99649;3.12;0.66;9.01;5
8.2;0.522;0.309;3.95;0.168;8.2;25.5;0.99494;3.3;0.39;9.01;5
7.47;0.335;0;0.9;0.034;24.8;66.7;1.00116;3.2;0.57;10.49;7
9.43;0.211;0.325;3.25;0.124;22.1;74.6;0.99803;3.22;0.93;11.4;5
7.03;0.334;0.368;2.18;0.083;19.8;119.3;0.99453;3.32;0.54;10.96;6
9.56;0.472;0.086;1.09;0.108;14.7;27.8;0.99371;3.47;0.62;8.86;7
9.95;0.573;0.195;3.48;0.02;14.5;32.4;0.99643;3.33;0.74;9.4;5
5.89;0.495;0.503;3.84;0.028;26.5;97.2;0.9999;3.46;0.92;11.54;6
7.31;0.636;0.065;0.9;0.073;3.2;74.6;0.99496;2.85;0.54;10.38;6
8.54;0.651;0.378;2.08;0.081;12.6;72.6;0.99912;3.53;0.96;10.43;5
11.8;0.352;0;2.57;0.01;18.3;6;0.99627;3.52;0.6;9.99;6
11.77;0.541;0.176;1.86;0.097;14.0;66.3;0.99439;3.15;0.57;10.65;5
8.93;0.667;0.413;2.99;0.043;7.5;51.0;0.99581;3.27;0.26;11.62;6
7.2;0.579;0.208;3.54;0.048;20.7;16.6;0.99267;3.04;0.61;12.03;5
9.75;0.763;0.454;3.68;0.177;23.4;40.5;0.99688;3.27;0.56;10.53;7
8.32;0.524;0.033;3.03;0.131;16.5;44.4;0.99556;3.21;0.71;11.14;6
8.58;0.809;0.492;1.83;0.113;25.1;53.9;0.99562;3.36;0.37;11.5;6
9.05;0.222;0.416;2.67;0.01;20.0;30.5;0.99295;3.2;0.81;9.57;7
6.65;0.197;0.37;5.02;0.022;25.4;6;0.9966;3.6;0.37;11.94;6
6.81;0.615;0.458;2.56;0.147;20.8;43.0;0.99792;3.29;0.5;8.8;5
8.68;0.771;0.462;3.57;0.01;14.5;34.1;0.99769;3.29;0.38;11.54;6
9.09;0.565;0;6.0;0.101;5.6;50.1;0.99554;3.18;0.55;9.67;6
12.04;0.542;0.185;2.39;0.066;9.1;52.3;0.99407;3.15;0.7;9.42;6
9.36;0.893;0.592;0.9;0.132;7.8;14.3;0.99585;3.53;0.77;11.86;8
8.75;0.434;0.129;3.4;0.132;12.8;31.4;0.99747;3.45;0.5;11.21;5
9.18;0.348;0.099;3.19;0.069;9.3;86.1;0.99543;3.12;0.84;10.49;5
10.58;0.798;0.419;2.7;0.01;18.6;9.1;0.99803;3.37;0.66;9.05;6
9.24;0.316;0.178;1.54;0.064;12.4;23.7;0.99513;3.48;0.5;9.95;5
5.19;0.509;0.388;0.9;0.127;23.4;37.6;0.99874;3.44;0.6;9.28;6
9.69;0.665;0.386;2.83;0.03;15.0;75.0;0.997;3.22;0.46;8.93;7
7.83;0.625;0.556;0.9;0.1;20.8;14.5;0.99719;3.26;0.88;12.32;5
9.57;0.393;0.239;0.9;0.077;37.3;46.7;0.99559;3.27;0.63;10.15;6
7.24;0.332;0.291;4.43;0.01;19.1;45.8;0.9958;3.05;1.06;10.47;7
9.31;0.622;0;3.47;0.097;8.7;6;0.99682;3.15;0.37;9.24;6
8.12;0.5;0.445;2.28;0.071;28.8;48.8;0.99547;3.13;0.74;12.25;5
3.92;0.334;0.175;0.9;0.096;21.1;48.5;0.99476;3.34;0.63;10.2;5
8.32;0.337;0.344;2.07;0.1;39.1;18.1;1.00143;3.45;0.83;11.61;6
8.86;0.748;0.202;4.89;0.05;9.6;66.2;0.99772;3.33;0.67;9.89;7
6.89;0.403;0.106;2.71;0.061;18.8;65.7;0.99625;3.2;0.56;10.75;6
10.73;0.486;0.287;0.93;0.087;5.9;72.9;0.99603;3.18;0.47;9.59;5
10.99;0.718;0.286;3.54;0.175;16.6;73.1;0.9964;3.3;0.54;11.43;7
11.15;0.805;0.378;0.91;0.129;38.7;21.4;0.99945;3.41;0.28;10.84;6
7.02;0.378;0.45;4.56;0.029;12.9;47.2;0.99845;3.21;0.89;9.8;6
7.96;0.434;0.54;1.27;0.148;11.8;77.5;0.99838;3.29;0.61;10.75;5
8.03;0.578;0.305;2.19;0.08;20.2;19.8;0.99722;3.05;0.71;9.77;5
7.07;0.323;0.358;2.44;0.011;29.9;84.1;0.99497;3.34;0.56;12.26;6
8.77;0.668;0.374;1.99;0.06;26.4;23.7;0.99641;3.39;0.74;12.05;6
9.85;0.544;0.543;5.99;0.022;13.3;50.5;0.99438;3.34;0.83;12.53;5
8.87;0.329;0.244;2.57;0.11;6.0;41.7;0.99733;3.38;0.83;10.09;6
9.77;0.787;0.133;0.9;0.096;11.0;45.3;0.99587;3.28;0.49;10.98;5
9.71;0.373;0.251;1.02;0.067;20.2;62.4;0.99434;3.43;0.72;10.69;6
10.01;0.192;0.088;1.51;0.051;25.3;41.1;0.99478;3.18;0.72;8.84;5
6.15;0.481;0.023;2.78;0.053;14.4;93.4;0.99545;3.43;0.89;9.36;6
7.87;0.618;0.205;2.22;0.123;32.6;24.8;0.99577;3.56;0.86;9.49;6
6.7;0.431;0;1.46;0.131;1;21.9;0.99933;3.2;0.83;12.08;6
7.36;0.622;0.304;0.9;0.11;14.2;6;0.99963;3.13;0.82;8.74;5
5.91;0.462;0.444;1.69;0.094;16.7;26.0;0.99891;3.19;1.08;12.16;6
6.89;0.561;0.146;0.9;0.089;5.6;41.7;0.99592;3.3;0.62;8.91;5
5.41;0.522;0.324;1.98;0.118;19.7;84.6;0.99651;3.19;0.63;11.63;7
7.18;0.844;0.318;0.97;0.01;23.4;10.8;0.99874;3.07;0.45;10.89;5
10.39;0.814;0.494;1.69;0.102;34.0;98.8;0.9986;3.24;0.84;10.43;5
5.4;0.525;0;2.09;0.06;14.9;40.6;0.99667;3.23;0.67;11.84;4
10.39;0.47;0.601;0.9;0.063;30.0;39.8;0.99759;3.3;0.61;11.65;6
9.1;0.631;0;2.45;0.073;5.8;106.2;0.99578;3.54;0.68;10.81;5
7.32;0.228;0.085;2.57;0.01;29.3;90.8;0.99808;3.1;0.64;9.75;5
7.82;0.321;0.069;1.3;0.045;44.2;32.6;0.9978;3.17;0.37;12.4;5
8.38;0.788;0.496;0.9;0.091;27.9;58.4;0.99831;3.36;0.6;10.15;6
10.0;0.62;0.297;1.5;0.085;4.4;49.6;0.99816;3.16;0.4;11.28;5
12.17;0.539;0.206;4.18;0.061;21.4;93.2;0.99794;3.28;0.68;13.61;5
12.33;0.769;0.185;3.03;0.143;25.6;6;0.99544;3.38;1.09;9.99;4
7.26;0.329;0.621;5.51;0.113;16.2;16.3;0.99766;3.48;0.58;11.63;6
9.8;0.316;0.337;0.9;0.057;22.4;6;0.99449;3.22;0.85;10.77;5
8.47;0.125;0.44;1.02;0.086;15.0;64.5;0.9987;3.32;0.52;9.53;5
7.07;0.332;0.708;4.23;0.135;24.6;6;0.9928;3.23;0.79;11.36;5
8.6;0.503;0.607;2.03;0.219;8.3;59.9;0.9936;3.46;0.39;10.71;4
5.39;0.485;0.392;0.9;0.086;27.1;61.7;0.99474;3.26;0.65;8.4;5
8.5;0.709;0.284;1.0;0.097;11.8;37.4;0.99416;3.26;0.6;11.09;6
7.98;0.859;0;2.83;0.11;21.4;65.6;0.99697;3.35;0.64;11.98;5
10.84;0.249;0.037;1.08;0.055;25.0;101.8;0.99685;3.36;0.68;9.82;6
5.84;0.495;0.513;3.27;0.125;19.7;6;0.99629;3.27;0.42;10.58;5
7.67;0.452;0.271;0.9;0.026;18.9;43.0;0.99455;3.29;0.17;11.35;5
6.62;0.559;0.339;1.35;0.088;21.2;67.9;0.99632;3.63;0.59;9.83;5
10.86;0.739;0.388;2.83;0.05;23.3;37.7;0.99548;3.22;0.67;9.09;5
